district,crop_name,season_type,season_year,target_hectares,committed_hectares,source
Ampara,Carrot,Maha,2014,96.9,100.5,synthetic_proxy
Anuradhapura,Carrot,Maha,2014,90.0,78.8,synthetic_proxy
Badulla,Carrot,Maha,2014,228.7,249.3,synthetic_proxy
Batticaloa,Carrot,Maha,2014,42.8,47.6,synthetic_proxy
Colombo,Carrot,Maha,2014,212.7,162.9,synthetic_proxy
Galle,Carrot,Maha,2014,50.8,42.8,synthetic_proxy
Gampaha,Carrot,Maha,2014,85.3,86.6,synthetic_proxy
Hambantota,Carrot,Maha,2014,146.2,140.7,synthetic_proxy
Jaffna,Carrot,Maha,2014,69.5,69.3,synthetic_proxy
Kalutara,Carrot,Maha,2014,51.2,46.0,synthetic_proxy
Kandy,Carrot,Maha,2014,106.8,118.1,synthetic_proxy
Kegalle,Carrot,Maha,2014,55.2,60.4,synthetic_proxy
Kilinochchi,Carrot,Maha,2014,40.1,40.5,synthetic_proxy
Kurunegala,Carrot,Maha,2014,192.0,218.0,synthetic_proxy
Mannar,Carrot,Maha,2014,48.2,50.9,synthetic_proxy
Matale,Carrot,Maha,2014,126.7,113.6,synthetic_proxy
Matara,Carrot,Maha,2014,71.2,74.4,synthetic_proxy
Monaragala,Carrot,Maha,2014,70.3,62.2,synthetic_proxy
Mullaitivu,Carrot,Maha,2014,41.1,45.4,synthetic_proxy
Nuwara Eliya,Carrot,Maha,2014,146.0,145.1,synthetic_proxy
Polonnaruwa,Carrot,Maha,2014,49.4,48.3,synthetic_proxy
Puttalam,Carrot,Maha,2014,56.3,51.7,synthetic_proxy
Ratnapura,Carrot,Maha,2014,134.4,154.1,synthetic_proxy
Trincomalee,Carrot,Maha,2014,42.0,41.2,synthetic_proxy
Vavuniya,Carrot,Maha,2014,46.1,43.8,synthetic_proxy
Ampara,Carrot,Maha,2015,79.4,76.0,synthetic_proxy
Anuradhapura,Carrot,Maha,2015,73.7,78.4,synthetic_proxy
Badulla,Carrot,Maha,2015,187.2,195.4,synthetic_proxy
Batticaloa,Carrot,Maha,2015,35.0,36.7,synthetic_proxy
Colombo,Carrot,Maha,2015,174.2,183.2,synthetic_proxy
Galle,Carrot,Maha,2015,41.6,52.2,synthetic_proxy
Gampaha,Carrot,Maha,2015,69.9,66.5,synthetic_proxy
Hambantota,Carrot,Maha,2015,119.7,112.3,synthetic_proxy
Jaffna,Carrot,Maha,2015,56.9,51.3,synthetic_proxy
Kalutara,Carrot,Maha,2015,41.9,45.0,synthetic_proxy
Kandy,Carrot,Maha,2015,87.5,99.3,synthetic_proxy
Kegalle,Carrot,Maha,2015,45.2,44.6,synthetic_proxy
Kilinochchi,Carrot,Maha,2015,32.9,29.6,synthetic_proxy
Kurunegala,Carrot,Maha,2015,157.2,141.7,synthetic_proxy
Mannar,Carrot,Maha,2015,39.5,42.6,synthetic_proxy
Matale,Carrot,Maha,2015,103.7,113.0,synthetic_proxy
Matara,Carrot,Maha,2015,58.3,62.1,synthetic_proxy
Monaragala,Carrot,Maha,2015,57.5,52.9,synthetic_proxy
Mullaitivu,Carrot,Maha,2015,33.7,34.6,synthetic_proxy
Nuwara Eliya,Carrot,Maha,2015,119.6,121.2,synthetic_proxy
Polonnaruwa,Carrot,Maha,2015,40.4,41.5,synthetic_proxy
Puttalam,Carrot,Maha,2015,46.1,51.0,synthetic_proxy
Ratnapura,Carrot,Maha,2015,110.0,113.0,synthetic_proxy
Trincomalee,Carrot,Maha,2015,34.4,37.2,synthetic_proxy
Vavuniya,Carrot,Maha,2015,37.8,38.1,synthetic_proxy
Ampara,Carrot,Yala,2015,85.2,88.2,synthetic_proxy
Anuradhapura,Carrot,Yala,2015,79.2,85.2,synthetic_proxy
Badulla,Carrot,Yala,2015,201.1,165.9,synthetic_proxy
Batticaloa,Carrot,Yala,2015,37.6,36.2,synthetic_proxy
Colombo,Carrot,Yala,2015,187.1,176.5,synthetic_proxy
Galle,Carrot,Yala,2015,44.6,41.2,synthetic_proxy
Gampaha,Carrot,Yala,2015,75.1,72.6,synthetic_proxy
Hambantota,Carrot,Yala,2015,128.6,151.7,synthetic_proxy
Jaffna,Carrot,Yala,2015,61.1,54.8,synthetic_proxy
Kalutara,Carrot,Yala,2015,45.0,50.3,synthetic_proxy
Kandy,Carrot,Yala,2015,94.0,75.0,synthetic_proxy
Kegalle,Carrot,Yala,2015,48.6,46.6,synthetic_proxy
Kilinochchi,Carrot,Yala,2015,35.3,36.0,synthetic_proxy
Kurunegala,Carrot,Yala,2015,168.9,180.7,synthetic_proxy
Mannar,Carrot,Yala,2015,42.4,46.0,synthetic_proxy
Matale,Carrot,Yala,2015,111.4,122.0,synthetic_proxy
Matara,Carrot,Yala,2015,62.6,60.0,synthetic_proxy
Monaragala,Carrot,Yala,2015,61.8,58.4,synthetic_proxy
Mullaitivu,Carrot,Yala,2015,36.1,39.9,synthetic_proxy
Nuwara Eliya,Carrot,Yala,2015,128.4,125.5,synthetic_proxy
Polonnaruwa,Carrot,Yala,2015,43.4,36.8,synthetic_proxy
Puttalam,Carrot,Yala,2015,49.6,42.8,synthetic_proxy
Ratnapura,Carrot,Yala,2015,118.2,105.1,synthetic_proxy
Trincomalee,Carrot,Yala,2015,36.9,39.1,synthetic_proxy
Vavuniya,Carrot,Yala,2015,40.6,41.3,synthetic_proxy
Ampara,Carrot,Maha,2016,73.9,80.0,synthetic_proxy
Anuradhapura,Carrot,Maha,2016,68.6,65.1,synthetic_proxy
Badulla,Carrot,Maha,2016,174.3,177.7,synthetic_proxy
Batticaloa,Carrot,Maha,2016,32.6,35.0,synthetic_proxy
Colombo,Carrot,Maha,2016,162.2,156.2,synthetic_proxy
Galle,Carrot,Maha,2016,38.7,40.8,synthetic_proxy
Gampaha,Carrot,Maha,2016,65.1,59.9,synthetic_proxy
Hambantota,Carrot,Maha,2016,111.5,106.6,synthetic_proxy
Jaffna,Carrot,Maha,2016,53.0,50.6,synthetic_proxy
Kalutara,Carrot,Maha,2016,39.0,33.4,synthetic_proxy
Kandy,Carrot,Maha,2016,81.5,86.2,synthetic_proxy
Kegalle,Carrot,Maha,2016,42.1,39.7,synthetic_proxy
Kilinochchi,Carrot,Maha,2016,30.6,30.7,synthetic_proxy
Kurunegala,Carrot,Maha,2016,146.4,154.8,synthetic_proxy
Mannar,Carrot,Maha,2016,36.8,38.8,synthetic_proxy
Matale,Carrot,Maha,2016,96.6,104.3,synthetic_proxy
Matara,Carrot,Maha,2016,54.3,53.7,synthetic_proxy
Monaragala,Carrot,Maha,2016,53.6,50.9,synthetic_proxy
Mullaitivu,Carrot,Maha,2016,31.3,31.0,synthetic_proxy
Nuwara Eliya,Carrot,Maha,2016,111.3,88.8,synthetic_proxy
Polonnaruwa,Carrot,Maha,2016,37.6,31.1,synthetic_proxy
Puttalam,Carrot,Maha,2016,43.0,36.1,synthetic_proxy
Ratnapura,Carrot,Maha,2016,102.4,90.2,synthetic_proxy
Trincomalee,Carrot,Maha,2016,32.0,33.5,synthetic_proxy
Vavuniya,Carrot,Maha,2016,35.2,31.4,synthetic_proxy
Ampara,Carrot,Yala,2016,63.4,60.5,synthetic_proxy
Anuradhapura,Carrot,Yala,2016,58.9,68.1,synthetic_proxy
Badulla,Carrot,Yala,2016,149.6,143.2,synthetic_proxy
Batticaloa,Carrot,Yala,2016,28.0,30.4,synthetic_proxy
Colombo,Carrot,Yala,2016,139.2,123.6,synthetic_proxy
Galle,Carrot,Yala,2016,33.2,32.4,synthetic_proxy
Gampaha,Carrot,Yala,2016,55.8,49.5,synthetic_proxy
Hambantota,Carrot,Yala,2016,95.7,91.8,synthetic_proxy
Jaffna,Carrot,Yala,2016,45.5,50.0,synthetic_proxy
Kalutara,Carrot,Yala,2016,33.5,26.6,synthetic_proxy
Kandy,Carrot,Yala,2016,69.9,73.5,synthetic_proxy
Kegalle,Carrot,Yala,2016,36.1,37.1,synthetic_proxy
Kilinochchi,Carrot,Yala,2016,26.3,24.4,synthetic_proxy
Kurunegala,Carrot,Yala,2016,125.6,103.8,synthetic_proxy
Mannar,Carrot,Yala,2016,31.6,31.8,synthetic_proxy
Matale,Carrot,Yala,2016,82.9,77.6,synthetic_proxy
Matara,Carrot,Yala,2016,46.6,47.9,synthetic_proxy
Monaragala,Carrot,Yala,2016,46.0,46.1,synthetic_proxy
Mullaitivu,Carrot,Yala,2016,26.9,32.1,synthetic_proxy
Nuwara Eliya,Carrot,Yala,2016,95.5,92.8,synthetic_proxy
Polonnaruwa,Carrot,Yala,2016,32.3,28.3,synthetic_proxy
Puttalam,Carrot,Yala,2016,36.9,37.7,synthetic_proxy
Ratnapura,Carrot,Yala,2016,87.9,90.2,synthetic_proxy
Trincomalee,Carrot,Yala,2016,27.5,31.9,synthetic_proxy
Vavuniya,Carrot,Yala,2016,30.2,33.2,synthetic_proxy
Ampara,Carrot,Maha,2017,74.9,78.1,synthetic_proxy
Anuradhapura,Carrot,Maha,2017,69.6,81.8,synthetic_proxy
Badulla,Carrot,Maha,2017,176.7,151.5,synthetic_proxy
Batticaloa,Carrot,Maha,2017,33.0,30.5,synthetic_proxy
Colombo,Carrot,Maha,2017,164.4,146.1,synthetic_proxy
Galle,Carrot,Maha,2017,39.2,37.4,synthetic_proxy
Gampaha,Carrot,Maha,2017,65.9,55.0,synthetic_proxy
Hambantota,Carrot,Maha,2017,113.0,121.6,synthetic_proxy
Jaffna,Carrot,Maha,2017,53.7,52.3,synthetic_proxy
Kalutara,Carrot,Maha,2017,39.6,32.6,synthetic_proxy
Kandy,Carrot,Maha,2017,82.6,72.5,synthetic_proxy
Kegalle,Carrot,Maha,2017,42.7,44.3,synthetic_proxy
Kilinochchi,Carrot,Maha,2017,31.0,34.1,synthetic_proxy
Kurunegala,Carrot,Maha,2017,148.4,183.9,synthetic_proxy
Mannar,Carrot,Maha,2017,37.3,50.3,synthetic_proxy
Matale,Carrot,Maha,2017,97.9,102.8,synthetic_proxy
Matara,Carrot,Maha,2017,55.0,48.5,synthetic_proxy
Monaragala,Carrot,Maha,2017,54.3,40.4,synthetic_proxy
Mullaitivu,Carrot,Maha,2017,31.8,32.8,synthetic_proxy
Nuwara Eliya,Carrot,Maha,2017,112.8,101.8,synthetic_proxy
Polonnaruwa,Carrot,Maha,2017,38.1,36.2,synthetic_proxy
Puttalam,Carrot,Maha,2017,43.5,40.3,synthetic_proxy
Ratnapura,Carrot,Maha,2017,103.8,102.1,synthetic_proxy
Trincomalee,Carrot,Maha,2017,32.4,36.6,synthetic_proxy
Vavuniya,Carrot,Maha,2017,35.7,36.3,synthetic_proxy
Ampara,Carrot,Yala,2017,73.6,72.2,synthetic_proxy
Anuradhapura,Carrot,Yala,2017,68.4,59.9,synthetic_proxy
Badulla,Carrot,Yala,2017,173.7,138.8,synthetic_proxy
Batticaloa,Carrot,Yala,2017,32.5,30.6,synthetic_proxy
Colombo,Carrot,Yala,2017,161.6,160.5,synthetic_proxy
Galle,Carrot,Yala,2017,38.6,46.7,synthetic_proxy
Gampaha,Carrot,Yala,2017,64.8,65.8,synthetic_proxy
Hambantota,Carrot,Yala,2017,111.0,124.1,synthetic_proxy
Jaffna,Carrot,Yala,2017,52.8,49.6,synthetic_proxy
Kalutara,Carrot,Yala,2017,38.9,33.4,synthetic_proxy
Kandy,Carrot,Yala,2017,81.1,71.7,synthetic_proxy
Kegalle,Carrot,Yala,2017,41.9,38.3,synthetic_proxy
Kilinochchi,Carrot,Yala,2017,30.5,38.3,synthetic_proxy
Kurunegala,Carrot,Yala,2017,145.8,131.4,synthetic_proxy
Mannar,Carrot,Yala,2017,36.6,40.3,synthetic_proxy
Matale,Carrot,Yala,2017,96.2,85.8,synthetic_proxy
Matara,Carrot,Yala,2017,54.1,60.1,synthetic_proxy
Monaragala,Carrot,Yala,2017,53.4,55.8,synthetic_proxy
Mullaitivu,Carrot,Yala,2017,31.2,30.6,synthetic_proxy
Nuwara Eliya,Carrot,Yala,2017,110.9,110.4,synthetic_proxy
Polonnaruwa,Carrot,Yala,2017,37.5,34.5,synthetic_proxy
Puttalam,Carrot,Yala,2017,42.8,45.1,synthetic_proxy
Ratnapura,Carrot,Yala,2017,102.0,96.5,synthetic_proxy
Trincomalee,Carrot,Yala,2017,31.9,27.2,synthetic_proxy
Vavuniya,Carrot,Yala,2017,35.0,29.7,synthetic_proxy
Ampara,Carrot,Maha,2018,84.0,85.8,synthetic_proxy
Anuradhapura,Carrot,Maha,2018,78.1,92.9,synthetic_proxy
Badulla,Carrot,Maha,2018,198.3,202.1,synthetic_proxy
Batticaloa,Carrot,Maha,2018,37.1,36.5,synthetic_proxy
Colombo,Carrot,Maha,2018,184.5,190.8,synthetic_proxy
Galle,Carrot,Maha,2018,44.0,50.9,synthetic_proxy
Gampaha,Carrot,Maha,2018,74.0,75.9,synthetic_proxy
Hambantota,Carrot,Maha,2018,126.8,120.5,synthetic_proxy
Jaffna,Carrot,Maha,2018,60.3,68.3,synthetic_proxy
Kalutara,Carrot,Maha,2018,44.4,46.7,synthetic_proxy
Kandy,Carrot,Maha,2018,92.6,109.7,synthetic_proxy
Kegalle,Carrot,Maha,2018,47.9,48.9,synthetic_proxy
Kilinochchi,Carrot,Maha,2018,34.8,29.7,synthetic_proxy
Kurunegala,Carrot,Maha,2018,166.5,139.2,synthetic_proxy
Mannar,Carrot,Maha,2018,41.8,50.1,synthetic_proxy
Matale,Carrot,Maha,2018,109.9,132.6,synthetic_proxy
Matara,Carrot,Maha,2018,61.8,60.4,synthetic_proxy
Monaragala,Carrot,Maha,2018,60.9,58.1,synthetic_proxy
Mullaitivu,Carrot,Maha,2018,35.6,41.9,synthetic_proxy
Nuwara Eliya,Carrot,Maha,2018,126.6,109.8,synthetic_proxy
Polonnaruwa,Carrot,Maha,2018,42.8,38.2,synthetic_proxy
Puttalam,Carrot,Maha,2018,48.9,52.6,synthetic_proxy
Ratnapura,Carrot,Maha,2018,116.5,111.0,synthetic_proxy
Trincomalee,Carrot,Maha,2018,36.4,36.4,synthetic_proxy
Vavuniya,Carrot,Maha,2018,40.0,39.2,synthetic_proxy
Ampara,Carrot,Yala,2018,77.7,80.9,synthetic_proxy
Anuradhapura,Carrot,Yala,2018,72.2,84.4,synthetic_proxy
Badulla,Carrot,Yala,2018,183.4,185.4,synthetic_proxy
Batticaloa,Carrot,Yala,2018,34.3,36.9,synthetic_proxy
Colombo,Carrot,Yala,2018,170.6,128.6,synthetic_proxy
Galle,Carrot,Yala,2018,40.7,40.5,synthetic_proxy
Gampaha,Carrot,Yala,2018,68.4,61.5,synthetic_proxy
Hambantota,Carrot,Yala,2018,117.3,100.1,synthetic_proxy
Jaffna,Carrot,Yala,2018,55.7,49.9,synthetic_proxy
Kalutara,Carrot,Yala,2018,41.1,39.4,synthetic_proxy
Kandy,Carrot,Yala,2018,85.7,95.1,synthetic_proxy
Kegalle,Carrot,Yala,2018,44.3,37.2,synthetic_proxy
Kilinochchi,Carrot,Yala,2018,32.2,32.3,synthetic_proxy
Kurunegala,Carrot,Yala,2018,154.0,145.0,synthetic_proxy
Mannar,Carrot,Yala,2018,38.7,37.2,synthetic_proxy
Matale,Carrot,Yala,2018,101.6,113.8,synthetic_proxy
Matara,Carrot,Yala,2018,57.1,60.8,synthetic_proxy
Monaragala,Carrot,Yala,2018,56.4,65.4,synthetic_proxy
Mullaitivu,Carrot,Yala,2018,33.0,32.4,synthetic_proxy
Nuwara Eliya,Carrot,Yala,2018,117.1,107.3,synthetic_proxy
Polonnaruwa,Carrot,Yala,2018,39.6,38.5,synthetic_proxy
Puttalam,Carrot,Yala,2018,45.2,46.5,synthetic_proxy
Ratnapura,Carrot,Yala,2018,107.8,110.0,synthetic_proxy
Trincomalee,Carrot,Yala,2018,33.7,29.3,synthetic_proxy
Vavuniya,Carrot,Yala,2018,37.0,37.4,synthetic_proxy
Ampara,Carrot,Maha,2019,89.9,92.3,synthetic_proxy
Anuradhapura,Carrot,Maha,2019,83.5,108.7,synthetic_proxy
Badulla,Carrot,Maha,2019,212.1,259.8,synthetic_proxy
Batticaloa,Carrot,Maha,2019,39.7,35.6,synthetic_proxy
Colombo,Carrot,Maha,2019,197.3,190.5,synthetic_proxy
Galle,Carrot,Maha,2019,47.1,38.8,synthetic_proxy
Gampaha,Carrot,Maha,2019,79.1,73.5,synthetic_proxy
Hambantota,Carrot,Maha,2019,135.6,140.7,synthetic_proxy
Jaffna,Carrot,Maha,2019,64.4,73.8,synthetic_proxy
Kalutara,Carrot,Maha,2019,47.5,43.3,synthetic_proxy
Kandy,Carrot,Maha,2019,99.1,91.3,synthetic_proxy
Kegalle,Carrot,Maha,2019,51.2,38.0,synthetic_proxy
Kilinochchi,Carrot,Maha,2019,37.2,36.5,synthetic_proxy
Kurunegala,Carrot,Maha,2019,178.1,155.4,synthetic_proxy
Mannar,Carrot,Maha,2019,44.7,41.9,synthetic_proxy
Matale,Carrot,Maha,2019,117.5,105.1,synthetic_proxy
Matara,Carrot,Maha,2019,66.1,65.3,synthetic_proxy
Monaragala,Carrot,Maha,2019,65.2,51.4,synthetic_proxy
Mullaitivu,Carrot,Maha,2019,38.1,31.4,synthetic_proxy
Nuwara Eliya,Carrot,Maha,2019,135.4,170.0,synthetic_proxy
Polonnaruwa,Carrot,Maha,2019,45.8,38.7,synthetic_proxy
Puttalam,Carrot,Maha,2019,52.2,45.4,synthetic_proxy
Ratnapura,Carrot,Maha,2019,124.6,152.1,synthetic_proxy
Trincomalee,Carrot,Maha,2019,38.9,52.5,synthetic_proxy
Vavuniya,Carrot,Maha,2019,42.8,36.8,synthetic_proxy
Ampara,Carrot,Yala,2019,101.7,97.2,synthetic_proxy
Anuradhapura,Carrot,Yala,2019,94.5,98.4,synthetic_proxy
Badulla,Carrot,Yala,2019,240.0,289.8,synthetic_proxy
Batticaloa,Carrot,Yala,2019,44.9,39.6,synthetic_proxy
Colombo,Carrot,Yala,2019,223.3,216.7,synthetic_proxy
Galle,Carrot,Yala,2019,53.3,58.3,synthetic_proxy
Gampaha,Carrot,Yala,2019,89.6,94.2,synthetic_proxy
Hambantota,Carrot,Yala,2019,153.4,146.5,synthetic_proxy
Jaffna,Carrot,Yala,2019,72.9,71.8,synthetic_proxy
Kalutara,Carrot,Yala,2019,53.7,44.9,synthetic_proxy
Kandy,Carrot,Yala,2019,112.1,108.9,synthetic_proxy
Kegalle,Carrot,Yala,2019,57.9,56.1,synthetic_proxy
Kilinochchi,Carrot,Yala,2019,42.1,43.3,synthetic_proxy
Kurunegala,Carrot,Yala,2019,201.5,188.1,synthetic_proxy
Mannar,Carrot,Yala,2019,50.6,53.5,synthetic_proxy
Matale,Carrot,Yala,2019,133.0,149.1,synthetic_proxy
Matara,Carrot,Yala,2019,74.8,76.2,synthetic_proxy
Monaragala,Carrot,Yala,2019,73.8,76.9,synthetic_proxy
Mullaitivu,Carrot,Yala,2019,43.1,43.4,synthetic_proxy
Nuwara Eliya,Carrot,Yala,2019,153.3,153.3,synthetic_proxy
Polonnaruwa,Carrot,Yala,2019,51.8,47.3,synthetic_proxy
Puttalam,Carrot,Yala,2019,59.1,61.4,synthetic_proxy
Ratnapura,Carrot,Yala,2019,141.0,139.4,synthetic_proxy
Trincomalee,Carrot,Yala,2019,44.1,55.1,synthetic_proxy
Vavuniya,Carrot,Yala,2019,48.4,57.6,synthetic_proxy
Ampara,Carrot,Maha,2020,71.7,75.0,synthetic_proxy
Anuradhapura,Carrot,Maha,2020,66.6,60.5,synthetic_proxy
Badulla,Carrot,Maha,2020,169.1,146.6,synthetic_proxy
Batticaloa,Carrot,Maha,2020,31.6,36.1,synthetic_proxy
Colombo,Carrot,Maha,2020,157.4,162.3,synthetic_proxy
Galle,Carrot,Maha,2020,37.6,39.7,synthetic_proxy
Gampaha,Carrot,Maha,2020,63.1,49.9,synthetic_proxy
Hambantota,Carrot,Maha,2020,108.1,120.2,synthetic_proxy
Jaffna,Carrot,Maha,2020,51.4,54.2,synthetic_proxy
Kalutara,Carrot,Maha,2020,37.9,32.8,synthetic_proxy
Kandy,Carrot,Maha,2020,79.0,74.6,synthetic_proxy
Kegalle,Carrot,Maha,2020,40.8,42.1,synthetic_proxy
Kilinochchi,Carrot,Maha,2020,29.7,29.9,synthetic_proxy
Kurunegala,Carrot,Maha,2020,142.0,137.0,synthetic_proxy
Mannar,Carrot,Maha,2020,35.7,35.2,synthetic_proxy
Matale,Carrot,Maha,2020,93.7,90.9,synthetic_proxy
Matara,Carrot,Maha,2020,52.7,53.7,synthetic_proxy
Monaragala,Carrot,Maha,2020,52.0,61.2,synthetic_proxy
Mullaitivu,Carrot,Maha,2020,30.4,21.0,synthetic_proxy
Nuwara Eliya,Carrot,Maha,2020,108.0,104.9,synthetic_proxy
Polonnaruwa,Carrot,Maha,2020,36.5,37.3,synthetic_proxy
Puttalam,Carrot,Maha,2020,41.7,43.2,synthetic_proxy
Ratnapura,Carrot,Maha,2020,99.4,95.0,synthetic_proxy
Trincomalee,Carrot,Maha,2020,31.0,24.5,synthetic_proxy
Vavuniya,Carrot,Maha,2020,34.1,35.5,synthetic_proxy
Ampara,Carrot,Yala,2020,79.9,96.5,synthetic_proxy
Anuradhapura,Carrot,Yala,2020,74.2,60.6,synthetic_proxy
Badulla,Carrot,Yala,2020,188.5,208.1,synthetic_proxy
Batticaloa,Carrot,Yala,2020,35.3,33.9,synthetic_proxy
Colombo,Carrot,Yala,2020,175.4,174.1,synthetic_proxy
Galle,Carrot,Yala,2020,41.9,36.6,synthetic_proxy
Gampaha,Carrot,Yala,2020,70.4,67.5,synthetic_proxy
Hambantota,Carrot,Yala,2020,120.5,139.3,synthetic_proxy
Jaffna,Carrot,Yala,2020,57.3,61.3,synthetic_proxy
Kalutara,Carrot,Yala,2020,42.2,51.0,synthetic_proxy
Kandy,Carrot,Yala,2020,88.1,100.5,synthetic_proxy
Kegalle,Carrot,Yala,2020,45.5,47.9,synthetic_proxy
Kilinochchi,Carrot,Yala,2020,33.1,40.0,synthetic_proxy
Kurunegala,Carrot,Yala,2020,158.3,166.6,synthetic_proxy
Mannar,Carrot,Yala,2020,39.8,43.7,synthetic_proxy
Matale,Carrot,Yala,2020,104.5,100.7,synthetic_proxy
Matara,Carrot,Yala,2020,58.7,59.2,synthetic_proxy
Monaragala,Carrot,Yala,2020,57.9,53.1,synthetic_proxy
Mullaitivu,Carrot,Yala,2020,33.9,37.9,synthetic_proxy
Nuwara Eliya,Carrot,Yala,2020,120.4,103.4,synthetic_proxy
Polonnaruwa,Carrot,Yala,2020,40.7,44.5,synthetic_proxy
Puttalam,Carrot,Yala,2020,46.5,45.4,synthetic_proxy
Ratnapura,Carrot,Yala,2020,110.8,126.3,synthetic_proxy
Trincomalee,Carrot,Yala,2020,34.6,37.7,synthetic_proxy
Vavuniya,Carrot,Yala,2020,38.1,46.4,synthetic_proxy
Ampara,Carrot,Maha,2021,73.2,79.6,synthetic_proxy
Anuradhapura,Carrot,Maha,2021,68.0,55.2,synthetic_proxy
Badulla,Carrot,Maha,2021,172.7,171.3,synthetic_proxy
Batticaloa,Carrot,Maha,2021,32.3,27.8,synthetic_proxy
Colombo,Carrot,Maha,2021,160.7,150.7,synthetic_proxy
Galle,Carrot,Maha,2021,38.3,45.3,synthetic_proxy
Gampaha,Carrot,Maha,2021,64.5,69.4,synthetic_proxy
Hambantota,Carrot,Maha,2021,110.4,101.2,synthetic_proxy
Jaffna,Carrot,Maha,2021,52.5,46.1,synthetic_proxy
Kalutara,Carrot,Maha,2021,38.7,38.8,synthetic_proxy
Kandy,Carrot,Maha,2021,80.7,68.9,synthetic_proxy
Kegalle,Carrot,Maha,2021,41.7,38.3,synthetic_proxy
Kilinochchi,Carrot,Maha,2021,30.3,31.5,synthetic_proxy
Kurunegala,Carrot,Maha,2021,145.0,165.1,synthetic_proxy
Mannar,Carrot,Maha,2021,36.4,39.1,synthetic_proxy
Matale,Carrot,Maha,2021,95.7,69.4,synthetic_proxy
Matara,Carrot,Maha,2021,53.8,55.8,synthetic_proxy
Monaragala,Carrot,Maha,2021,53.1,53.5,synthetic_proxy
Mullaitivu,Carrot,Maha,2021,31.0,32.6,synthetic_proxy
Nuwara Eliya,Carrot,Maha,2021,110.3,131.7,synthetic_proxy
Polonnaruwa,Carrot,Maha,2021,37.3,28.1,synthetic_proxy
Puttalam,Carrot,Maha,2021,42.6,39.5,synthetic_proxy
Ratnapura,Carrot,Maha,2021,101.5,108.7,synthetic_proxy
Trincomalee,Carrot,Maha,2021,31.7,25.7,synthetic_proxy
Vavuniya,Carrot,Maha,2021,34.9,41.0,synthetic_proxy
Ampara,Carrot,Yala,2021,111.9,116.8,synthetic_proxy
Anuradhapura,Carrot,Yala,2021,103.9,114.5,synthetic_proxy
Badulla,Carrot,Yala,2021,264.0,245.9,synthetic_proxy
Batticaloa,Carrot,Yala,2021,49.4,54.2,synthetic_proxy
Colombo,Carrot,Yala,2021,245.6,277.0,synthetic_proxy
Galle,Carrot,Yala,2021,58.6,60.2,synthetic_proxy
Gampaha,Carrot,Yala,2021,98.5,101.3,synthetic_proxy
Hambantota,Carrot,Yala,2021,168.8,174.2,synthetic_proxy
Jaffna,Carrot,Yala,2021,80.2,71.9,synthetic_proxy
Kalutara,Carrot,Yala,2021,59.1,58.1,synthetic_proxy
Kandy,Carrot,Yala,2021,123.3,121.1,synthetic_proxy
Kegalle,Carrot,Yala,2021,63.7,66.7,synthetic_proxy
Kilinochchi,Carrot,Yala,2021,46.3,51.9,synthetic_proxy
Kurunegala,Carrot,Yala,2021,221.6,193.5,synthetic_proxy
Mannar,Carrot,Yala,2021,55.7,54.9,synthetic_proxy
Matale,Carrot,Yala,2021,146.3,172.3,synthetic_proxy
Matara,Carrot,Yala,2021,82.2,74.9,synthetic_proxy
Monaragala,Carrot,Yala,2021,81.1,73.1,synthetic_proxy
Mullaitivu,Carrot,Yala,2021,47.4,48.6,synthetic_proxy
Nuwara Eliya,Carrot,Yala,2021,168.6,185.6,synthetic_proxy
Polonnaruwa,Carrot,Yala,2021,57.0,57.1,synthetic_proxy
Puttalam,Carrot,Yala,2021,65.0,75.4,synthetic_proxy
Ratnapura,Carrot,Yala,2021,155.1,171.0,synthetic_proxy
Trincomalee,Carrot,Yala,2021,48.4,53.3,synthetic_proxy
Vavuniya,Carrot,Yala,2021,53.3,56.8,synthetic_proxy
Ampara,Carrot,Maha,2022,78.1,100.0,synthetic_proxy
Anuradhapura,Carrot,Maha,2022,72.6,70.8,synthetic_proxy
Badulla,Carrot,Maha,2022,184.4,140.0,synthetic_proxy
Batticaloa,Carrot,Maha,2022,34.5,41.1,synthetic_proxy
Colombo,Carrot,Maha,2022,171.5,162.1,synthetic_proxy
Galle,Carrot,Maha,2022,40.9,41.5,synthetic_proxy
Gampaha,Carrot,Maha,2022,68.8,79.6,synthetic_proxy
Hambantota,Carrot,Maha,2022,117.9,95.2,synthetic_proxy
Jaffna,Carrot,Maha,2022,56.0,47.6,synthetic_proxy
Kalutara,Carrot,Maha,2022,41.3,33.3,synthetic_proxy
Kandy,Carrot,Maha,2022,86.1,77.9,synthetic_proxy
Kegalle,Carrot,Maha,2022,44.5,46.9,synthetic_proxy
Kilinochchi,Carrot,Maha,2022,32.4,34.4,synthetic_proxy
Kurunegala,Carrot,Maha,2022,154.8,159.9,synthetic_proxy
Mannar,Carrot,Maha,2022,38.9,32.3,synthetic_proxy
Matale,Carrot,Maha,2022,102.1,73.8,synthetic_proxy
Matara,Carrot,Maha,2022,57.4,57.8,synthetic_proxy
Monaragala,Carrot,Maha,2022,56.7,53.4,synthetic_proxy
Mullaitivu,Carrot,Maha,2022,33.1,35.0,synthetic_proxy
Nuwara Eliya,Carrot,Maha,2022,117.7,127.6,synthetic_proxy
Polonnaruwa,Carrot,Maha,2022,39.8,40.5,synthetic_proxy
Puttalam,Carrot,Maha,2022,45.4,49.6,synthetic_proxy
Ratnapura,Carrot,Maha,2022,108.3,111.3,synthetic_proxy
Trincomalee,Carrot,Maha,2022,33.8,36.0,synthetic_proxy
Vavuniya,Carrot,Maha,2022,37.2,34.1,synthetic_proxy
Ampara,Carrot,Yala,2022,105.6,103.3,synthetic_proxy
Anuradhapura,Carrot,Yala,2022,98.1,100.4,synthetic_proxy
Badulla,Carrot,Yala,2022,249.1,273.6,synthetic_proxy
Batticaloa,Carrot,Yala,2022,46.6,44.4,synthetic_proxy
Colombo,Carrot,Yala,2022,231.7,246.2,synthetic_proxy
Galle,Carrot,Yala,2022,55.3,53.5,synthetic_proxy
Gampaha,Carrot,Yala,2022,93.0,91.6,synthetic_proxy
Hambantota,Carrot,Yala,2022,159.3,175.1,synthetic_proxy
Jaffna,Carrot,Yala,2022,75.7,57.6,synthetic_proxy
Kalutara,Carrot,Yala,2022,55.8,47.1,synthetic_proxy
Kandy,Carrot,Yala,2022,116.4,95.7,synthetic_proxy
Kegalle,Carrot,Yala,2022,60.1,43.3,synthetic_proxy
Kilinochchi,Carrot,Yala,2022,43.7,40.2,synthetic_proxy
Kurunegala,Carrot,Yala,2022,209.1,228.0,synthetic_proxy
Mannar,Carrot,Yala,2022,52.5,50.7,synthetic_proxy
Matale,Carrot,Yala,2022,138.0,141.3,synthetic_proxy
Matara,Carrot,Yala,2022,77.6,87.7,synthetic_proxy
Monaragala,Carrot,Yala,2022,76.5,88.7,synthetic_proxy
Mullaitivu,Carrot,Yala,2022,44.8,44.4,synthetic_proxy
Nuwara Eliya,Carrot,Yala,2022,159.1,184.9,synthetic_proxy
Polonnaruwa,Carrot,Yala,2022,53.8,54.4,synthetic_proxy
Puttalam,Carrot,Yala,2022,61.4,55.2,synthetic_proxy
Ratnapura,Carrot,Yala,2022,146.4,135.9,synthetic_proxy
Trincomalee,Carrot,Yala,2022,45.7,37.6,synthetic_proxy
Vavuniya,Carrot,Yala,2022,50.3,44.9,synthetic_proxy
Ampara,Carrot,Maha,2023,111.3,106.6,synthetic_proxy
Anuradhapura,Carrot,Maha,2023,103.4,113.4,synthetic_proxy
Badulla,Carrot,Maha,2023,262.7,316.9,synthetic_proxy
Batticaloa,Carrot,Maha,2023,49.1,41.0,synthetic_proxy
Colombo,Carrot,Maha,2023,244.4,255.9,synthetic_proxy
Galle,Carrot,Maha,2023,58.3,51.0,synthetic_proxy
Gampaha,Carrot,Maha,2023,98.0,103.6,synthetic_proxy
Hambantota,Carrot,Maha,2023,168.0,165.3,synthetic_proxy
Jaffna,Carrot,Maha,2023,79.8,62.3,synthetic_proxy
Kalutara,Carrot,Maha,2023,58.8,65.4,synthetic_proxy
Kandy,Carrot,Maha,2023,122.7,113.8,synthetic_proxy
Kegalle,Carrot,Maha,2023,63.4,59.4,synthetic_proxy
Kilinochchi,Carrot,Maha,2023,46.1,40.2,synthetic_proxy
Kurunegala,Carrot,Maha,2023,220.6,203.3,synthetic_proxy
Mannar,Carrot,Maha,2023,55.4,58.3,synthetic_proxy
Matale,Carrot,Maha,2023,145.6,142.2,synthetic_proxy
Matara,Carrot,Maha,2023,81.8,85.1,synthetic_proxy
Monaragala,Carrot,Maha,2023,80.7,84.2,synthetic_proxy
Mullaitivu,Carrot,Maha,2023,47.2,54.7,synthetic_proxy
Nuwara Eliya,Carrot,Maha,2023,167.8,160.9,synthetic_proxy
Polonnaruwa,Carrot,Maha,2023,56.7,46.7,synthetic_proxy
Puttalam,Carrot,Maha,2023,64.7,73.0,synthetic_proxy
Ratnapura,Carrot,Maha,2023,154.4,148.2,synthetic_proxy
Trincomalee,Carrot,Maha,2023,48.2,54.7,synthetic_proxy
Vavuniya,Carrot,Maha,2023,53.0,55.5,synthetic_proxy
Ampara,Carrot,Yala,2023,170.0,167.4,synthetic_proxy
Anuradhapura,Carrot,Yala,2023,158.0,164.6,synthetic_proxy
Badulla,Carrot,Yala,2023,401.2,495.1,synthetic_proxy
Batticaloa,Carrot,Yala,2023,75.0,93.7,synthetic_proxy
Colombo,Carrot,Yala,2023,373.2,376.3,synthetic_proxy
Galle,Carrot,Yala,2023,89.1,90.8,synthetic_proxy
Gampaha,Carrot,Yala,2023,149.7,169.0,synthetic_proxy
Hambantota,Carrot,Yala,2023,256.5,230.5,synthetic_proxy
Jaffna,Carrot,Yala,2023,121.9,126.8,synthetic_proxy
Kalutara,Carrot,Yala,2023,89.8,89.5,synthetic_proxy
Kandy,Carrot,Yala,2023,187.4,194.5,synthetic_proxy
Kegalle,Carrot,Yala,2023,96.9,87.2,synthetic_proxy
Kilinochchi,Carrot,Yala,2023,70.4,57.0,synthetic_proxy
Kurunegala,Carrot,Yala,2023,336.9,253.1,synthetic_proxy
Mannar,Carrot,Yala,2023,84.6,73.3,synthetic_proxy
Matale,Carrot,Yala,2023,222.3,210.0,synthetic_proxy
Matara,Carrot,Yala,2023,125.0,120.6,synthetic_proxy
Monaragala,Carrot,Yala,2023,123.3,151.9,synthetic_proxy
Mullaitivu,Carrot,Yala,2023,72.1,81.7,synthetic_proxy
Nuwara Eliya,Carrot,Yala,2023,256.2,226.6,synthetic_proxy
Polonnaruwa,Carrot,Yala,2023,86.6,90.2,synthetic_proxy
Puttalam,Carrot,Yala,2023,98.8,94.0,synthetic_proxy
Ratnapura,Carrot,Yala,2023,235.7,227.7,synthetic_proxy
Trincomalee,Carrot,Yala,2023,73.6,75.3,synthetic_proxy
Vavuniya,Carrot,Yala,2023,81.0,87.0,synthetic_proxy
Ampara,Carrot,Maha,2024,117.5,112.7,synthetic_proxy
Anuradhapura,Carrot,Maha,2024,109.2,123.1,synthetic_proxy
Badulla,Carrot,Maha,2024,277.3,239.3,synthetic_proxy
Batticaloa,Carrot,Maha,2024,51.8,51.9,synthetic_proxy
Colombo,Carrot,Maha,2024,258.0,338.4,synthetic_proxy
Galle,Carrot,Maha,2024,61.6,63.2,synthetic_proxy
Gampaha,Carrot,Maha,2024,103.5,121.3,synthetic_proxy
Hambantota,Carrot,Maha,2024,177.3,179.2,synthetic_proxy
Jaffna,Carrot,Maha,2024,84.3,90.1,synthetic_proxy
Kalutara,Carrot,Maha,2024,62.1,61.7,synthetic_proxy
Kandy,Carrot,Maha,2024,129.6,126.9,synthetic_proxy
Kegalle,Carrot,Maha,2024,66.9,60.7,synthetic_proxy
Kilinochchi,Carrot,Maha,2024,48.7,51.2,synthetic_proxy
Kurunegala,Carrot,Maha,2024,232.8,209.0,synthetic_proxy
Mannar,Carrot,Maha,2024,58.5,63.2,synthetic_proxy
Matale,Carrot,Maha,2024,153.6,173.6,synthetic_proxy
Matara,Carrot,Maha,2024,86.4,90.2,synthetic_proxy
Monaragala,Carrot,Maha,2024,85.2,82.3,synthetic_proxy
Mullaitivu,Carrot,Maha,2024,49.8,52.6,synthetic_proxy
Nuwara Eliya,Carrot,Maha,2024,177.1,170.5,synthetic_proxy
Polonnaruwa,Carrot,Maha,2024,59.9,66.6,synthetic_proxy
Puttalam,Carrot,Maha,2024,68.3,53.3,synthetic_proxy
Ratnapura,Carrot,Maha,2024,162.9,156.4,synthetic_proxy
Trincomalee,Carrot,Maha,2024,50.9,38.7,synthetic_proxy
Vavuniya,Carrot,Maha,2024,56.0,45.9,synthetic_proxy
Ampara,Carrot,Yala,2024,130.6,151.9,synthetic_proxy
Anuradhapura,Carrot,Yala,2024,121.3,134.3,synthetic_proxy
Badulla,Carrot,Yala,2024,308.0,281.4,synthetic_proxy
Batticaloa,Carrot,Yala,2024,57.6,47.2,synthetic_proxy
Colombo,Carrot,Yala,2024,286.6,184.6,synthetic_proxy
Galle,Carrot,Yala,2024,68.4,63.9,synthetic_proxy
Gampaha,Carrot,Yala,2024,115.0,148.3,synthetic_proxy
Hambantota,Carrot,Yala,2024,196.9,207.2,synthetic_proxy
Jaffna,Carrot,Yala,2024,93.6,87.3,synthetic_proxy
Kalutara,Carrot,Yala,2024,69.0,72.8,synthetic_proxy
Kandy,Carrot,Yala,2024,143.9,117.0,synthetic_proxy
Kegalle,Carrot,Yala,2024,74.4,71.7,synthetic_proxy
Kilinochchi,Carrot,Yala,2024,54.1,54.7,synthetic_proxy
Kurunegala,Carrot,Yala,2024,258.6,256.0,synthetic_proxy
Mannar,Carrot,Yala,2024,65.0,71.1,synthetic_proxy
Matale,Carrot,Yala,2024,170.7,177.7,synthetic_proxy
Matara,Carrot,Yala,2024,95.9,103.6,synthetic_proxy
Monaragala,Carrot,Yala,2024,94.7,86.8,synthetic_proxy
Mullaitivu,Carrot,Yala,2024,55.4,61.3,synthetic_proxy
Nuwara Eliya,Carrot,Yala,2024,196.7,235.2,synthetic_proxy
Polonnaruwa,Carrot,Yala,2024,66.5,58.8,synthetic_proxy
Puttalam,Carrot,Yala,2024,75.9,67.8,synthetic_proxy
Ratnapura,Carrot,Yala,2024,181.0,210.0,synthetic_proxy
Trincomalee,Carrot,Yala,2024,56.5,55.2,synthetic_proxy
Vavuniya,Carrot,Yala,2024,62.2,72.6,synthetic_proxy
Ampara,Carrot,Maha,2025,115.3,109.2,synthetic_proxy
Anuradhapura,Carrot,Maha,2025,107.2,125.9,synthetic_proxy
Badulla,Carrot,Maha,2025,272.1,276.4,synthetic_proxy
Batticaloa,Carrot,Maha,2025,50.9,52.5,synthetic_proxy
Colombo,Carrot,Maha,2025,253.2,300.7,synthetic_proxy
Galle,Carrot,Maha,2025,60.4,57.8,synthetic_proxy
Gampaha,Carrot,Maha,2025,101.6,90.1,synthetic_proxy
Hambantota,Carrot,Maha,2025,174.0,164.6,synthetic_proxy
Jaffna,Carrot,Maha,2025,82.7,87.2,synthetic_proxy
Kalutara,Carrot,Maha,2025,60.9,49.5,synthetic_proxy
Kandy,Carrot,Maha,2025,127.2,136.9,synthetic_proxy
Kegalle,Carrot,Maha,2025,65.7,61.5,synthetic_proxy
Kilinochchi,Carrot,Maha,2025,47.8,54.4,synthetic_proxy
Kurunegala,Carrot,Maha,2025,228.5,162.8,synthetic_proxy
Mannar,Carrot,Maha,2025,57.4,52.0,synthetic_proxy
Matale,Carrot,Maha,2025,150.8,120.3,synthetic_proxy
Matara,Carrot,Maha,2025,84.8,76.4,synthetic_proxy
Monaragala,Carrot,Maha,2025,83.6,86.1,synthetic_proxy
Mullaitivu,Carrot,Maha,2025,48.9,47.9,synthetic_proxy
Nuwara Eliya,Carrot,Maha,2025,173.8,168.5,synthetic_proxy
Polonnaruwa,Carrot,Maha,2025,58.8,57.6,synthetic_proxy
Puttalam,Carrot,Maha,2025,67.0,68.7,synthetic_proxy
Ratnapura,Carrot,Maha,2025,159.9,140.5,synthetic_proxy
Trincomalee,Carrot,Maha,2025,49.9,54.2,synthetic_proxy
Vavuniya,Carrot,Maha,2025,54.9,59.3,synthetic_proxy
Ampara,Carrot,Yala,2025,109.8,114.9,synthetic_proxy
Anuradhapura,Carrot,Yala,2025,102.0,108.8,synthetic_proxy
Badulla,Carrot,Yala,2025,259.1,268.3,synthetic_proxy
Batticaloa,Carrot,Yala,2025,48.4,60.3,synthetic_proxy
Colombo,Carrot,Yala,2025,241.0,238.5,synthetic_proxy
Galle,Carrot,Yala,2025,57.5,55.4,synthetic_proxy
Gampaha,Carrot,Yala,2025,96.7,87.9,synthetic_proxy
Hambantota,Carrot,Yala,2025,165.6,145.1,synthetic_proxy
Jaffna,Carrot,Yala,2025,78.7,67.0,synthetic_proxy
Kalutara,Carrot,Yala,2025,58.0,51.8,synthetic_proxy
Kandy,Carrot,Yala,2025,121.0,120.0,synthetic_proxy
Kegalle,Carrot,Yala,2025,62.5,65.1,synthetic_proxy
Kilinochchi,Carrot,Yala,2025,45.5,45.8,synthetic_proxy
Kurunegala,Carrot,Yala,2025,217.5,197.5,synthetic_proxy
Mannar,Carrot,Yala,2025,54.7,60.6,synthetic_proxy
Matale,Carrot,Yala,2025,143.5,156.3,synthetic_proxy
Matara,Carrot,Yala,2025,80.7,79.1,synthetic_proxy
Monaragala,Carrot,Yala,2025,79.6,73.4,synthetic_proxy
Mullaitivu,Carrot,Yala,2025,46.6,49.6,synthetic_proxy
Nuwara Eliya,Carrot,Yala,2025,165.4,169.2,synthetic_proxy
Polonnaruwa,Carrot,Yala,2025,55.9,46.2,synthetic_proxy
Puttalam,Carrot,Yala,2025,63.8,63.3,synthetic_proxy
Ratnapura,Carrot,Yala,2025,152.2,157.0,synthetic_proxy
Trincomalee,Carrot,Yala,2025,47.5,42.4,synthetic_proxy
Vavuniya,Carrot,Yala,2025,52.3,53.5,synthetic_proxy
Ampara,Leek,Maha,2014,56.0,46.3,synthetic_proxy
Anuradhapura,Leek,Maha,2014,53.0,61.5,synthetic_proxy
Badulla,Leek,Maha,2014,134.5,154.6,synthetic_proxy
Batticaloa,Leek,Maha,2014,25.1,24.3,synthetic_proxy
Colombo,Leek,Maha,2014,125.2,130.6,synthetic_proxy
Galle,Leek,Maha,2014,29.8,21.2,synthetic_proxy
Gampaha,Leek,Maha,2014,50.2,43.2,synthetic_proxy
Hambantota,Leek,Maha,2014,85.6,82.6,synthetic_proxy
Jaffna,Leek,Maha,2014,39.3,34.2,synthetic_proxy
Kalutara,Leek,Maha,2014,30.1,32.7,synthetic_proxy
Kandy,Leek,Maha,2014,62.9,78.0,synthetic_proxy
Kegalle,Leek,Maha,2014,32.4,27.9,synthetic_proxy
Kilinochchi,Leek,Maha,2014,23.6,21.2,synthetic_proxy
Kurunegala,Leek,Maha,2014,112.8,116.0,synthetic_proxy
Mannar,Leek,Maha,2014,28.2,33.6,synthetic_proxy
Matale,Leek,Maha,2014,74.5,63.6,synthetic_proxy
Matara,Leek,Maha,2014,42.8,44.1,synthetic_proxy
Monaragala,Leek,Maha,2014,41.4,50.5,synthetic_proxy
Mullaitivu,Leek,Maha,2014,24.1,19.3,synthetic_proxy
Nuwara Eliya,Leek,Maha,2014,85.9,72.7,synthetic_proxy
Polonnaruwa,Leek,Maha,2014,28.7,27.2,synthetic_proxy
Puttalam,Leek,Maha,2014,33.1,31.0,synthetic_proxy
Ratnapura,Leek,Maha,2014,78.6,86.3,synthetic_proxy
Trincomalee,Leek,Maha,2014,25.1,25.8,synthetic_proxy
Vavuniya,Leek,Maha,2014,27.1,21.3,synthetic_proxy
Ampara,Leek,Maha,2015,56.0,59.5,synthetic_proxy
Anuradhapura,Leek,Maha,2015,52.9,49.3,synthetic_proxy
Badulla,Leek,Maha,2015,134.4,155.0,synthetic_proxy
Batticaloa,Leek,Maha,2015,25.1,23.2,synthetic_proxy
Colombo,Leek,Maha,2015,125.1,115.5,synthetic_proxy
Galle,Leek,Maha,2015,29.8,31.7,synthetic_proxy
Gampaha,Leek,Maha,2015,50.1,54.7,synthetic_proxy
Hambantota,Leek,Maha,2015,85.6,90.2,synthetic_proxy
Jaffna,Leek,Maha,2015,39.3,31.3,synthetic_proxy
Kalutara,Leek,Maha,2015,30.1,32.0,synthetic_proxy
Kandy,Leek,Maha,2015,62.9,55.1,synthetic_proxy
Kegalle,Leek,Maha,2015,32.4,33.3,synthetic_proxy
Kilinochchi,Leek,Maha,2015,23.6,19.5,synthetic_proxy
Kurunegala,Leek,Maha,2015,112.7,118.8,synthetic_proxy
Mannar,Leek,Maha,2015,28.2,25.4,synthetic_proxy
Matale,Leek,Maha,2015,74.5,63.0,synthetic_proxy
Matara,Leek,Maha,2015,42.8,46.4,synthetic_proxy
Monaragala,Leek,Maha,2015,41.4,42.6,synthetic_proxy
Mullaitivu,Leek,Maha,2015,24.1,22.3,synthetic_proxy
Nuwara Eliya,Leek,Maha,2015,85.9,100.8,synthetic_proxy
Polonnaruwa,Leek,Maha,2015,28.7,27.2,synthetic_proxy
Puttalam,Leek,Maha,2015,33.1,33.2,synthetic_proxy
Ratnapura,Leek,Maha,2015,78.5,81.1,synthetic_proxy
Trincomalee,Leek,Maha,2015,25.0,23.2,synthetic_proxy
Vavuniya,Leek,Maha,2015,27.1,28.6,synthetic_proxy
Ampara,Leek,Yala,2015,43.4,40.6,synthetic_proxy
Anuradhapura,Leek,Yala,2015,41.0,39.0,synthetic_proxy
Badulla,Leek,Yala,2015,104.1,121.1,synthetic_proxy
Batticaloa,Leek,Yala,2015,19.4,17.0,synthetic_proxy
Colombo,Leek,Yala,2015,96.8,68.8,synthetic_proxy
Galle,Leek,Yala,2015,23.1,27.5,synthetic_proxy
Gampaha,Leek,Yala,2015,38.8,50.7,synthetic_proxy
Hambantota,Leek,Yala,2015,66.2,63.0,synthetic_proxy
Jaffna,Leek,Yala,2015,30.4,23.3,synthetic_proxy
Kalutara,Leek,Yala,2015,23.3,22.4,synthetic_proxy
Kandy,Leek,Yala,2015,48.7,47.0,synthetic_proxy
Kegalle,Leek,Yala,2015,25.1,24.5,synthetic_proxy
Kilinochchi,Leek,Yala,2015,18.2,15.8,synthetic_proxy
Kurunegala,Leek,Yala,2015,87.3,93.4,synthetic_proxy
Mannar,Leek,Yala,2015,21.8,23.2,synthetic_proxy
Matale,Leek,Yala,2015,57.7,47.3,synthetic_proxy
Matara,Leek,Yala,2015,33.1,35.9,synthetic_proxy
Monaragala,Leek,Yala,2015,32.1,40.0,synthetic_proxy
Mullaitivu,Leek,Yala,2015,18.7,19.1,synthetic_proxy
Nuwara Eliya,Leek,Yala,2015,66.5,63.8,synthetic_proxy
Polonnaruwa,Leek,Yala,2015,22.2,21.8,synthetic_proxy
Puttalam,Leek,Yala,2015,25.6,27.5,synthetic_proxy
Ratnapura,Leek,Yala,2015,60.8,48.2,synthetic_proxy
Trincomalee,Leek,Yala,2015,19.4,19.8,synthetic_proxy
Vavuniya,Leek,Yala,2015,21.0,20.0,synthetic_proxy
Ampara,Leek,Maha,2016,43.1,52.7,synthetic_proxy
Anuradhapura,Leek,Maha,2016,40.8,39.9,synthetic_proxy
Badulla,Leek,Maha,2016,103.5,124.2,synthetic_proxy
Batticaloa,Leek,Maha,2016,19.3,16.8,synthetic_proxy
Colombo,Leek,Maha,2016,96.3,103.1,synthetic_proxy
Galle,Leek,Maha,2016,22.9,23.8,synthetic_proxy
Gampaha,Leek,Maha,2016,38.6,34.6,synthetic_proxy
Hambantota,Leek,Maha,2016,65.9,67.3,synthetic_proxy
Jaffna,Leek,Maha,2016,30.2,34.6,synthetic_proxy
Kalutara,Leek,Maha,2016,23.2,22.3,synthetic_proxy
Kandy,Leek,Maha,2016,48.4,38.6,synthetic_proxy
Kegalle,Leek,Maha,2016,24.9,24.9,synthetic_proxy
Kilinochchi,Leek,Maha,2016,18.1,16.2,synthetic_proxy
Kurunegala,Leek,Maha,2016,86.8,83.2,synthetic_proxy
Mannar,Leek,Maha,2016,21.7,21.5,synthetic_proxy
Matale,Leek,Maha,2016,57.3,45.6,synthetic_proxy
Matara,Leek,Maha,2016,32.9,26.5,synthetic_proxy
Monaragala,Leek,Maha,2016,31.9,33.7,synthetic_proxy
Mullaitivu,Leek,Maha,2016,18.6,17.4,synthetic_proxy
Nuwara Eliya,Leek,Maha,2016,66.1,45.8,synthetic_proxy
Polonnaruwa,Leek,Maha,2016,22.1,24.1,synthetic_proxy
Puttalam,Leek,Maha,2016,25.5,26.3,synthetic_proxy
Ratnapura,Leek,Maha,2016,60.5,55.3,synthetic_proxy
Trincomalee,Leek,Maha,2016,19.3,16.2,synthetic_proxy
Vavuniya,Leek,Maha,2016,20.8,22.9,synthetic_proxy
Ampara,Leek,Yala,2016,38.5,40.1,synthetic_proxy
Anuradhapura,Leek,Yala,2016,36.3,46.7,synthetic_proxy
Badulla,Leek,Yala,2016,92.3,96.9,synthetic_proxy
Batticaloa,Leek,Yala,2016,17.2,18.0,synthetic_proxy
Colombo,Leek,Yala,2016,85.9,84.2,synthetic_proxy
Galle,Leek,Yala,2016,20.5,22.5,synthetic_proxy
Gampaha,Leek,Yala,2016,34.4,37.0,synthetic_proxy
Hambantota,Leek,Yala,2016,58.7,67.6,synthetic_proxy
Jaffna,Leek,Yala,2016,27.0,25.3,synthetic_proxy
Kalutara,Leek,Yala,2016,20.7,19.6,synthetic_proxy
Kandy,Leek,Yala,2016,43.2,40.7,synthetic_proxy
Kegalle,Leek,Yala,2016,22.3,24.4,synthetic_proxy
Kilinochchi,Leek,Yala,2016,16.2,19.1,synthetic_proxy
Kurunegala,Leek,Yala,2016,77.4,73.1,synthetic_proxy
Mannar,Leek,Yala,2016,19.3,18.3,synthetic_proxy
Matale,Leek,Yala,2016,51.1,53.1,synthetic_proxy
Matara,Leek,Yala,2016,29.4,28.5,synthetic_proxy
Monaragala,Leek,Yala,2016,28.4,31.7,synthetic_proxy
Mullaitivu,Leek,Yala,2016,16.6,12.1,synthetic_proxy
Nuwara Eliya,Leek,Yala,2016,59.0,53.1,synthetic_proxy
Polonnaruwa,Leek,Yala,2016,19.7,17.8,synthetic_proxy
Puttalam,Leek,Yala,2016,22.7,16.4,synthetic_proxy
Ratnapura,Leek,Yala,2016,53.9,47.7,synthetic_proxy
Trincomalee,Leek,Yala,2016,17.2,15.3,synthetic_proxy
Vavuniya,Leek,Yala,2016,18.6,18.1,synthetic_proxy
Ampara,Leek,Maha,2017,45.9,52.0,synthetic_proxy
Anuradhapura,Leek,Maha,2017,43.4,42.1,synthetic_proxy
Badulla,Leek,Maha,2017,110.1,96.5,synthetic_proxy
Batticaloa,Leek,Maha,2017,20.6,20.4,synthetic_proxy
Colombo,Leek,Maha,2017,102.5,115.4,synthetic_proxy
Galle,Leek,Maha,2017,24.4,21.6,synthetic_proxy
Gampaha,Leek,Maha,2017,41.1,36.6,synthetic_proxy
Hambantota,Leek,Maha,2017,70.1,74.8,synthetic_proxy
Jaffna,Leek,Maha,2017,32.2,31.3,synthetic_proxy
Kalutara,Leek,Maha,2017,24.7,26.6,synthetic_proxy
Kandy,Leek,Maha,2017,51.5,51.4,synthetic_proxy
Kegalle,Leek,Maha,2017,26.5,28.8,synthetic_proxy
Kilinochchi,Leek,Maha,2017,19.3,16.9,synthetic_proxy
Kurunegala,Leek,Maha,2017,92.4,92.2,synthetic_proxy
Mannar,Leek,Maha,2017,23.1,22.5,synthetic_proxy
Matale,Leek,Maha,2017,61.0,52.1,synthetic_proxy
Matara,Leek,Maha,2017,35.0,28.5,synthetic_proxy
Monaragala,Leek,Maha,2017,33.9,36.7,synthetic_proxy
Mullaitivu,Leek,Maha,2017,19.8,18.9,synthetic_proxy
Nuwara Eliya,Leek,Maha,2017,70.3,61.7,synthetic_proxy
Polonnaruwa,Leek,Maha,2017,23.5,23.2,synthetic_proxy
Puttalam,Leek,Maha,2017,27.1,30.8,synthetic_proxy
Ratnapura,Leek,Maha,2017,64.3,46.7,synthetic_proxy
Trincomalee,Leek,Maha,2017,20.5,16.8,synthetic_proxy
Vavuniya,Leek,Maha,2017,22.2,19.7,synthetic_proxy
Ampara,Leek,Yala,2017,54.0,63.5,synthetic_proxy
Anuradhapura,Leek,Yala,2017,51.1,52.8,synthetic_proxy
Badulla,Leek,Yala,2017,129.6,141.5,synthetic_proxy
Batticaloa,Leek,Yala,2017,24.2,20.9,synthetic_proxy
Colombo,Leek,Yala,2017,120.6,104.4,synthetic_proxy
Galle,Leek,Yala,2017,28.7,30.3,synthetic_proxy
Gampaha,Leek,Yala,2017,48.3,48.7,synthetic_proxy
Hambantota,Leek,Yala,2017,82.5,87.9,synthetic_proxy
Jaffna,Leek,Yala,2017,37.9,37.0,synthetic_proxy
Kalutara,Leek,Yala,2017,29.0,30.0,synthetic_proxy
Kandy,Leek,Yala,2017,60.6,61.8,synthetic_proxy
Kegalle,Leek,Yala,2017,31.3,34.2,synthetic_proxy
Kilinochchi,Leek,Yala,2017,22.7,24.9,synthetic_proxy
Kurunegala,Leek,Yala,2017,108.7,87.6,synthetic_proxy
Mannar,Leek,Yala,2017,27.2,19.8,synthetic_proxy
Matale,Leek,Yala,2017,71.8,80.5,synthetic_proxy
Matara,Leek,Yala,2017,41.2,47.1,synthetic_proxy
Monaragala,Leek,Yala,2017,39.9,35.1,synthetic_proxy
Mullaitivu,Leek,Yala,2017,23.3,18.1,synthetic_proxy
Nuwara Eliya,Leek,Yala,2017,82.8,83.8,synthetic_proxy
Polonnaruwa,Leek,Yala,2017,27.7,30.7,synthetic_proxy
Puttalam,Leek,Yala,2017,31.9,38.8,synthetic_proxy
Ratnapura,Leek,Yala,2017,75.7,80.4,synthetic_proxy
Trincomalee,Leek,Yala,2017,24.1,23.1,synthetic_proxy
Vavuniya,Leek,Yala,2017,26.1,23.3,synthetic_proxy
Ampara,Leek,Maha,2018,39.8,39.9,synthetic_proxy
Anuradhapura,Leek,Maha,2018,37.6,36.3,synthetic_proxy
Badulla,Leek,Maha,2018,95.5,83.9,synthetic_proxy
Batticaloa,Leek,Maha,2018,17.8,22.2,synthetic_proxy
Colombo,Leek,Maha,2018,88.9,107.9,synthetic_proxy
Galle,Leek,Maha,2018,21.2,24.1,synthetic_proxy
Gampaha,Leek,Maha,2018,35.6,31.7,synthetic_proxy
Hambantota,Leek,Maha,2018,60.8,67.0,synthetic_proxy
Jaffna,Leek,Maha,2018,27.9,30.0,synthetic_proxy
Kalutara,Leek,Maha,2018,21.4,22.5,synthetic_proxy
Kandy,Leek,Maha,2018,44.7,51.4,synthetic_proxy
Kegalle,Leek,Maha,2018,23.0,24.8,synthetic_proxy
Kilinochchi,Leek,Maha,2018,16.7,18.2,synthetic_proxy
Kurunegala,Leek,Maha,2018,80.1,86.2,synthetic_proxy
Mannar,Leek,Maha,2018,20.0,20.8,synthetic_proxy
Matale,Leek,Maha,2018,52.9,41.6,synthetic_proxy
Matara,Leek,Maha,2018,30.4,30.7,synthetic_proxy
Monaragala,Leek,Maha,2018,29.4,27.5,synthetic_proxy
Mullaitivu,Leek,Maha,2018,17.1,14.5,synthetic_proxy
Nuwara Eliya,Leek,Maha,2018,61.0,73.3,synthetic_proxy
Polonnaruwa,Leek,Maha,2018,20.4,24.6,synthetic_proxy
Puttalam,Leek,Maha,2018,23.5,27.3,synthetic_proxy
Ratnapura,Leek,Maha,2018,55.8,57.5,synthetic_proxy
Trincomalee,Leek,Maha,2018,17.8,20.7,synthetic_proxy
Vavuniya,Leek,Maha,2018,19.2,19.3,synthetic_proxy
Ampara,Leek,Yala,2018,44.5,45.6,synthetic_proxy
Anuradhapura,Leek,Yala,2018,42.1,36.6,synthetic_proxy
Badulla,Leek,Yala,2018,106.8,111.9,synthetic_proxy
Batticaloa,Leek,Yala,2018,19.9,20.1,synthetic_proxy
Colombo,Leek,Yala,2018,99.4,83.9,synthetic_proxy
Galle,Leek,Yala,2018,23.7,23.5,synthetic_proxy
Gampaha,Leek,Yala,2018,39.8,39.5,synthetic_proxy
Hambantota,Leek,Yala,2018,68.0,82.7,synthetic_proxy
Jaffna,Leek,Yala,2018,31.2,34.6,synthetic_proxy
Kalutara,Leek,Yala,2018,23.9,24.0,synthetic_proxy
Kandy,Leek,Yala,2018,50.0,51.5,synthetic_proxy
Kegalle,Leek,Yala,2018,25.8,25.9,synthetic_proxy
Kilinochchi,Leek,Yala,2018,18.7,18.3,synthetic_proxy
Kurunegala,Leek,Yala,2018,89.6,78.0,synthetic_proxy
Mannar,Leek,Yala,2018,22.4,22.0,synthetic_proxy
Matale,Leek,Yala,2018,59.2,53.9,synthetic_proxy
Matara,Leek,Yala,2018,34.0,28.9,synthetic_proxy
Monaragala,Leek,Yala,2018,32.9,34.9,synthetic_proxy
Mullaitivu,Leek,Yala,2018,19.2,20.1,synthetic_proxy
Nuwara Eliya,Leek,Yala,2018,68.2,53.6,synthetic_proxy
Polonnaruwa,Leek,Yala,2018,22.8,22.5,synthetic_proxy
Puttalam,Leek,Yala,2018,26.3,29.4,synthetic_proxy
Ratnapura,Leek,Yala,2018,62.4,70.4,synthetic_proxy
Trincomalee,Leek,Yala,2018,19.9,22.3,synthetic_proxy
Vavuniya,Leek,Yala,2018,21.5,21.6,synthetic_proxy
Ampara,Leek,Maha,2019,51.7,46.5,synthetic_proxy
Anuradhapura,Leek,Maha,2019,48.9,42.5,synthetic_proxy
Badulla,Leek,Maha,2019,124.1,129.3,synthetic_proxy
Batticaloa,Leek,Maha,2019,23.2,24.2,synthetic_proxy
Colombo,Leek,Maha,2019,115.5,133.4,synthetic_proxy
Galle,Leek,Maha,2019,27.5,31.2,synthetic_proxy
Gampaha,Leek,Maha,2019,46.3,45.6,synthetic_proxy
Hambantota,Leek,Maha,2019,79.0,67.2,synthetic_proxy
Jaffna,Leek,Maha,2019,36.3,34.9,synthetic_proxy
Kalutara,Leek,Maha,2019,27.8,28.5,synthetic_proxy
Kandy,Leek,Maha,2019,58.1,56.7,synthetic_proxy
Kegalle,Leek,Maha,2019,29.9,27.9,synthetic_proxy
Kilinochchi,Leek,Maha,2019,21.8,22.4,synthetic_proxy
Kurunegala,Leek,Maha,2019,104.1,97.8,synthetic_proxy
Mannar,Leek,Maha,2019,26.0,24.0,synthetic_proxy
Matale,Leek,Maha,2019,68.8,71.4,synthetic_proxy
Matara,Leek,Maha,2019,39.5,37.6,synthetic_proxy
Monaragala,Leek,Maha,2019,38.3,39.4,synthetic_proxy
Mullaitivu,Leek,Maha,2019,22.3,23.0,synthetic_proxy
Nuwara Eliya,Leek,Maha,2019,79.3,68.5,synthetic_proxy
Polonnaruwa,Leek,Maha,2019,26.5,25.0,synthetic_proxy
Puttalam,Leek,Maha,2019,30.5,35.8,synthetic_proxy
Ratnapura,Leek,Maha,2019,72.5,62.4,synthetic_proxy
Trincomalee,Leek,Maha,2019,23.1,17.2,synthetic_proxy
Vavuniya,Leek,Maha,2019,25.0,19.4,synthetic_proxy
Ampara,Leek,Yala,2019,64.9,65.1,synthetic_proxy
Anuradhapura,Leek,Yala,2019,61.4,61.6,synthetic_proxy
Badulla,Leek,Yala,2019,155.8,153.6,synthetic_proxy
Batticaloa,Leek,Yala,2019,29.1,33.3,synthetic_proxy
Colombo,Leek,Yala,2019,145.0,98.5,synthetic_proxy
Galle,Leek,Yala,2019,34.5,36.2,synthetic_proxy
Gampaha,Leek,Yala,2019,58.1,69.0,synthetic_proxy
Hambantota,Leek,Yala,2019,99.2,85.7,synthetic_proxy
Jaffna,Leek,Yala,2019,45.5,43.4,synthetic_proxy
Kalutara,Leek,Yala,2019,34.9,31.7,synthetic_proxy
Kandy,Leek,Yala,2019,72.9,65.1,synthetic_proxy
Kegalle,Leek,Yala,2019,37.6,36.1,synthetic_proxy
Kilinochchi,Leek,Yala,2019,27.3,32.0,synthetic_proxy
Kurunegala,Leek,Yala,2019,130.7,159.5,synthetic_proxy
Mannar,Leek,Yala,2019,32.6,31.3,synthetic_proxy
Matale,Leek,Yala,2019,86.3,106.1,synthetic_proxy
Matara,Leek,Yala,2019,49.6,49.8,synthetic_proxy
Monaragala,Leek,Yala,2019,48.0,58.1,synthetic_proxy
Mullaitivu,Leek,Yala,2019,28.0,27.6,synthetic_proxy
Nuwara Eliya,Leek,Yala,2019,99.5,101.1,synthetic_proxy
Polonnaruwa,Leek,Yala,2019,33.2,34.7,synthetic_proxy
Puttalam,Leek,Yala,2019,38.3,53.0,synthetic_proxy
Ratnapura,Leek,Yala,2019,91.0,100.3,synthetic_proxy
Trincomalee,Leek,Yala,2019,29.0,26.6,synthetic_proxy
Vavuniya,Leek,Yala,2019,31.4,35.0,synthetic_proxy
Ampara,Leek,Maha,2020,39.6,37.9,synthetic_proxy
Anuradhapura,Leek,Maha,2020,37.4,35.2,synthetic_proxy
Badulla,Leek,Maha,2020,95.0,105.3,synthetic_proxy
Batticaloa,Leek,Maha,2020,17.7,17.8,synthetic_proxy
Colombo,Leek,Maha,2020,88.4,91.3,synthetic_proxy
Galle,Leek,Maha,2020,21.1,21.1,synthetic_proxy
Gampaha,Leek,Maha,2020,35.4,36.8,synthetic_proxy
Hambantota,Leek,Maha,2020,60.4,63.5,synthetic_proxy
Jaffna,Leek,Maha,2020,27.7,21.3,synthetic_proxy
Kalutara,Leek,Maha,2020,21.3,23.0,synthetic_proxy
Kandy,Leek,Maha,2020,44.4,39.2,synthetic_proxy
Kegalle,Leek,Maha,2020,22.9,18.9,synthetic_proxy
Kilinochchi,Leek,Maha,2020,16.6,16.5,synthetic_proxy
Kurunegala,Leek,Maha,2020,79.7,80.5,synthetic_proxy
Mannar,Leek,Maha,2020,19.9,18.2,synthetic_proxy
Matale,Leek,Maha,2020,52.6,57.9,synthetic_proxy
Matara,Leek,Maha,2020,30.2,25.3,synthetic_proxy
Monaragala,Leek,Maha,2020,29.3,27.8,synthetic_proxy
Mullaitivu,Leek,Maha,2020,17.0,15.8,synthetic_proxy
Nuwara Eliya,Leek,Maha,2020,60.7,60.3,synthetic_proxy
Polonnaruwa,Leek,Maha,2020,20.3,20.9,synthetic_proxy
Puttalam,Leek,Maha,2020,23.4,20.5,synthetic_proxy
Ratnapura,Leek,Maha,2020,55.5,60.3,synthetic_proxy
Trincomalee,Leek,Maha,2020,17.7,17.8,synthetic_proxy
Vavuniya,Leek,Maha,2020,19.1,14.8,synthetic_proxy
Ampara,Leek,Yala,2020,41.6,31.8,synthetic_proxy
Anuradhapura,Leek,Yala,2020,39.3,39.2,synthetic_proxy
Badulla,Leek,Yala,2020,99.8,97.1,synthetic_proxy
Batticaloa,Leek,Yala,2020,18.6,18.4,synthetic_proxy
Colombo,Leek,Yala,2020,92.8,92.5,synthetic_proxy
Galle,Leek,Yala,2020,22.1,22.7,synthetic_proxy
Gampaha,Leek,Yala,2020,37.2,41.4,synthetic_proxy
Hambantota,Leek,Yala,2020,63.5,55.0,synthetic_proxy
Jaffna,Leek,Yala,2020,29.1,25.0,synthetic_proxy
Kalutara,Leek,Yala,2020,22.3,19.4,synthetic_proxy
Kandy,Leek,Yala,2020,46.7,48.3,synthetic_proxy
Kegalle,Leek,Yala,2020,24.1,27.6,synthetic_proxy
Kilinochchi,Leek,Yala,2020,17.5,16.6,synthetic_proxy
Kurunegala,Leek,Yala,2020,83.7,58.6,synthetic_proxy
Mannar,Leek,Yala,2020,20.9,16.6,synthetic_proxy
Matale,Leek,Yala,2020,55.3,49.8,synthetic_proxy
Matara,Leek,Yala,2020,31.7,29.6,synthetic_proxy
Monaragala,Leek,Yala,2020,30.7,29.2,synthetic_proxy
Mullaitivu,Leek,Yala,2020,17.9,18.0,synthetic_proxy
Nuwara Eliya,Leek,Yala,2020,63.7,61.3,synthetic_proxy
Polonnaruwa,Leek,Yala,2020,21.3,24.0,synthetic_proxy
Puttalam,Leek,Yala,2020,24.5,22.6,synthetic_proxy
Ratnapura,Leek,Yala,2020,58.3,52.3,synthetic_proxy
Trincomalee,Leek,Yala,2020,18.6,19.7,synthetic_proxy
Vavuniya,Leek,Yala,2020,20.1,16.4,synthetic_proxy
Ampara,Leek,Maha,2021,42.5,44.5,synthetic_proxy
Anuradhapura,Leek,Maha,2021,40.1,40.6,synthetic_proxy
Badulla,Leek,Maha,2021,101.9,100.1,synthetic_proxy
Batticaloa,Leek,Maha,2021,19.0,22.7,synthetic_proxy
Colombo,Leek,Maha,2021,94.9,87.8,synthetic_proxy
Galle,Leek,Maha,2021,22.6,28.2,synthetic_proxy
Gampaha,Leek,Maha,2021,38.0,37.0,synthetic_proxy
Hambantota,Leek,Maha,2021,64.9,54.9,synthetic_proxy
Jaffna,Leek,Maha,2021,29.8,30.0,synthetic_proxy
Kalutara,Leek,Maha,2021,22.8,19.9,synthetic_proxy
Kandy,Leek,Maha,2021,47.7,43.4,synthetic_proxy
Kegalle,Leek,Maha,2021,24.6,25.7,synthetic_proxy
Kilinochchi,Leek,Maha,2021,17.9,19.1,synthetic_proxy
Kurunegala,Leek,Maha,2021,85.5,79.1,synthetic_proxy
Mannar,Leek,Maha,2021,21.4,23.9,synthetic_proxy
Matale,Leek,Maha,2021,56.5,64.3,synthetic_proxy
Matara,Leek,Maha,2021,32.4,38.0,synthetic_proxy
Monaragala,Leek,Maha,2021,31.4,33.4,synthetic_proxy
Mullaitivu,Leek,Maha,2021,18.3,21.3,synthetic_proxy
Nuwara Eliya,Leek,Maha,2021,65.1,50.4,synthetic_proxy
Polonnaruwa,Leek,Maha,2021,21.7,20.9,synthetic_proxy
Puttalam,Leek,Maha,2021,25.1,22.5,synthetic_proxy
Ratnapura,Leek,Maha,2021,59.6,60.4,synthetic_proxy
Trincomalee,Leek,Maha,2021,19.0,17.7,synthetic_proxy
Vavuniya,Leek,Maha,2021,20.5,20.1,synthetic_proxy
Ampara,Leek,Yala,2021,61.2,75.1,synthetic_proxy
Anuradhapura,Leek,Yala,2021,57.9,56.7,synthetic_proxy
Badulla,Leek,Yala,2021,147.0,154.3,synthetic_proxy
Batticaloa,Leek,Yala,2021,27.4,26.7,synthetic_proxy
Colombo,Leek,Yala,2021,136.8,138.0,synthetic_proxy
Galle,Leek,Yala,2021,32.6,32.6,synthetic_proxy
Gampaha,Leek,Yala,2021,54.8,57.8,synthetic_proxy
Hambantota,Leek,Yala,2021,93.5,106.6,synthetic_proxy
Jaffna,Leek,Yala,2021,42.9,51.4,synthetic_proxy
Kalutara,Leek,Yala,2021,32.9,34.1,synthetic_proxy
Kandy,Leek,Yala,2021,68.7,73.6,synthetic_proxy
Kegalle,Leek,Yala,2021,35.4,30.5,synthetic_proxy
Kilinochchi,Leek,Yala,2021,25.8,25.5,synthetic_proxy
Kurunegala,Leek,Yala,2021,123.3,137.2,synthetic_proxy
Mannar,Leek,Yala,2021,30.8,34.0,synthetic_proxy
Matale,Leek,Yala,2021,81.5,83.5,synthetic_proxy
Matara,Leek,Yala,2021,46.7,51.7,synthetic_proxy
Monaragala,Leek,Yala,2021,45.3,48.0,synthetic_proxy
Mullaitivu,Leek,Yala,2021,26.4,30.2,synthetic_proxy
Nuwara Eliya,Leek,Yala,2021,93.9,97.1,synthetic_proxy
Polonnaruwa,Leek,Yala,2021,31.4,30.0,synthetic_proxy
Puttalam,Leek,Yala,2021,36.2,37.6,synthetic_proxy
Ratnapura,Leek,Yala,2021,85.9,55.7,synthetic_proxy
Trincomalee,Leek,Yala,2021,27.4,28.6,synthetic_proxy
Vavuniya,Leek,Yala,2021,29.6,16.6,synthetic_proxy
Ampara,Leek,Maha,2022,52.1,41.4,synthetic_proxy
Anuradhapura,Leek,Maha,2022,49.3,52.0,synthetic_proxy
Badulla,Leek,Maha,2022,125.1,132.3,synthetic_proxy
Batticaloa,Leek,Maha,2022,23.4,20.1,synthetic_proxy
Colombo,Leek,Maha,2022,116.4,106.5,synthetic_proxy
Galle,Leek,Maha,2022,27.7,32.3,synthetic_proxy
Gampaha,Leek,Maha,2022,46.7,44.0,synthetic_proxy
Hambantota,Leek,Maha,2022,79.6,101.1,synthetic_proxy
Jaffna,Leek,Maha,2022,36.6,36.5,synthetic_proxy
Kalutara,Leek,Maha,2022,28.0,29.4,synthetic_proxy
Kandy,Leek,Maha,2022,58.5,69.9,synthetic_proxy
Kegalle,Leek,Maha,2022,30.2,30.6,synthetic_proxy
Kilinochchi,Leek,Maha,2022,21.9,19.3,synthetic_proxy
Kurunegala,Leek,Maha,2022,105.0,103.6,synthetic_proxy
Mannar,Leek,Maha,2022,26.2,26.1,synthetic_proxy
Matale,Leek,Maha,2022,69.4,58.0,synthetic_proxy
Matara,Leek,Maha,2022,39.8,38.6,synthetic_proxy
Monaragala,Leek,Maha,2022,38.6,35.1,synthetic_proxy
Mullaitivu,Leek,Maha,2022,22.4,24.9,synthetic_proxy
Nuwara Eliya,Leek,Maha,2022,79.9,80.3,synthetic_proxy
Polonnaruwa,Leek,Maha,2022,26.7,25.8,synthetic_proxy
Puttalam,Leek,Maha,2022,30.8,30.4,synthetic_proxy
Ratnapura,Leek,Maha,2022,73.1,75.1,synthetic_proxy
Trincomalee,Leek,Maha,2022,23.3,25.0,synthetic_proxy
Vavuniya,Leek,Maha,2022,25.2,22.2,synthetic_proxy
Ampara,Leek,Yala,2022,72.0,63.0,synthetic_proxy
Anuradhapura,Leek,Yala,2022,68.1,77.1,synthetic_proxy
Badulla,Leek,Yala,2022,172.8,164.3,synthetic_proxy
Batticaloa,Leek,Yala,2022,32.3,26.8,synthetic_proxy
Colombo,Leek,Yala,2022,160.8,169.4,synthetic_proxy
Galle,Leek,Yala,2022,38.3,40.4,synthetic_proxy
Gampaha,Leek,Yala,2022,64.5,52.6,synthetic_proxy
Hambantota,Leek,Yala,2022,110.0,113.0,synthetic_proxy
Jaffna,Leek,Yala,2022,50.5,55.0,synthetic_proxy
Kalutara,Leek,Yala,2022,38.7,40.5,synthetic_proxy
Kandy,Leek,Yala,2022,80.8,87.0,synthetic_proxy
Kegalle,Leek,Yala,2022,41.7,34.7,synthetic_proxy
Kilinochchi,Leek,Yala,2022,30.3,31.5,synthetic_proxy
Kurunegala,Leek,Yala,2022,145.0,139.7,synthetic_proxy
Mannar,Leek,Yala,2022,36.2,34.1,synthetic_proxy
Matale,Leek,Yala,2022,95.8,105.8,synthetic_proxy
Matara,Leek,Yala,2022,55.0,64.7,synthetic_proxy
Monaragala,Leek,Yala,2022,53.3,64.7,synthetic_proxy
Mullaitivu,Leek,Yala,2022,31.0,35.9,synthetic_proxy
Nuwara Eliya,Leek,Yala,2022,110.4,109.0,synthetic_proxy
Polonnaruwa,Leek,Yala,2022,36.9,38.4,synthetic_proxy
Puttalam,Leek,Yala,2022,42.5,46.4,synthetic_proxy
Ratnapura,Leek,Yala,2022,101.0,102.5,synthetic_proxy
Trincomalee,Leek,Yala,2022,32.2,32.7,synthetic_proxy
Vavuniya,Leek,Yala,2022,34.8,38.3,synthetic_proxy
Ampara,Leek,Maha,2023,62.0,61.6,synthetic_proxy
Anuradhapura,Leek,Maha,2023,58.6,53.5,synthetic_proxy
Badulla,Leek,Maha,2023,148.8,141.4,synthetic_proxy
Batticaloa,Leek,Maha,2023,27.8,29.9,synthetic_proxy
Colombo,Leek,Maha,2023,138.5,138.5,synthetic_proxy
Galle,Leek,Maha,2023,33.0,34.3,synthetic_proxy
Gampaha,Leek,Maha,2023,55.5,60.0,synthetic_proxy
Hambantota,Leek,Maha,2023,94.7,90.5,synthetic_proxy
Jaffna,Leek,Maha,2023,43.5,47.4,synthetic_proxy
Kalutara,Leek,Maha,2023,33.3,34.8,synthetic_proxy
Kandy,Leek,Maha,2023,69.6,59.3,synthetic_proxy
Kegalle,Leek,Maha,2023,35.9,42.1,synthetic_proxy
Kilinochchi,Leek,Maha,2023,26.1,24.5,synthetic_proxy
Kurunegala,Leek,Maha,2023,124.8,100.0,synthetic_proxy
Mannar,Leek,Maha,2023,31.2,27.3,synthetic_proxy
Matale,Leek,Maha,2023,82.5,72.4,synthetic_proxy
Matara,Leek,Maha,2023,47.3,47.6,synthetic_proxy
Monaragala,Leek,Maha,2023,45.9,44.4,synthetic_proxy
Mullaitivu,Leek,Maha,2023,26.7,25.6,synthetic_proxy
Nuwara Eliya,Leek,Maha,2023,95.1,102.1,synthetic_proxy
Polonnaruwa,Leek,Maha,2023,31.7,33.0,synthetic_proxy
Puttalam,Leek,Maha,2023,36.6,38.0,synthetic_proxy
Ratnapura,Leek,Maha,2023,87.0,91.2,synthetic_proxy
Trincomalee,Leek,Maha,2023,27.7,29.8,synthetic_proxy
Vavuniya,Leek,Maha,2023,30.0,22.4,synthetic_proxy
Ampara,Leek,Yala,2023,78.9,75.5,synthetic_proxy
Anuradhapura,Leek,Yala,2023,74.6,55.1,synthetic_proxy
Badulla,Leek,Yala,2023,189.4,190.3,synthetic_proxy
Batticaloa,Leek,Yala,2023,35.4,35.3,synthetic_proxy
Colombo,Leek,Yala,2023,176.3,198.4,synthetic_proxy
Galle,Leek,Yala,2023,42.0,48.0,synthetic_proxy
Gampaha,Leek,Yala,2023,70.6,72.4,synthetic_proxy
Hambantota,Leek,Yala,2023,120.6,113.3,synthetic_proxy
Jaffna,Leek,Yala,2023,55.4,58.6,synthetic_proxy
Kalutara,Leek,Yala,2023,42.4,39.7,synthetic_proxy
Kandy,Leek,Yala,2023,88.6,88.6,synthetic_proxy
Kegalle,Leek,Yala,2023,45.7,51.1,synthetic_proxy
Kilinochchi,Leek,Yala,2023,33.2,31.0,synthetic_proxy
Kurunegala,Leek,Yala,2023,158.9,174.3,synthetic_proxy
Mannar,Leek,Yala,2023,39.7,42.9,synthetic_proxy
Matale,Leek,Yala,2023,105.0,93.0,synthetic_proxy
Matara,Leek,Yala,2023,60.3,67.3,synthetic_proxy
Monaragala,Leek,Yala,2023,58.4,63.3,synthetic_proxy
Mullaitivu,Leek,Yala,2023,34.0,34.4,synthetic_proxy
Nuwara Eliya,Leek,Yala,2023,121.0,109.9,synthetic_proxy
Polonnaruwa,Leek,Yala,2023,40.4,36.2,synthetic_proxy
Puttalam,Leek,Yala,2023,46.6,43.6,synthetic_proxy
Ratnapura,Leek,Yala,2023,110.7,117.9,synthetic_proxy
Trincomalee,Leek,Yala,2023,35.3,31.2,synthetic_proxy
Vavuniya,Leek,Yala,2023,38.2,40.2,synthetic_proxy
Ampara,Leek,Maha,2024,65.6,55.8,synthetic_proxy
Anuradhapura,Leek,Maha,2024,62.0,60.5,synthetic_proxy
Badulla,Leek,Maha,2024,157.4,159.5,synthetic_proxy
Batticaloa,Leek,Maha,2024,29.4,38.0,synthetic_proxy
Colombo,Leek,Maha,2024,146.5,122.3,synthetic_proxy
Galle,Leek,Maha,2024,34.9,41.1,synthetic_proxy
Gampaha,Leek,Maha,2024,58.7,59.8,synthetic_proxy
Hambantota,Leek,Maha,2024,100.2,105.1,synthetic_proxy
Jaffna,Leek,Maha,2024,46.0,46.6,synthetic_proxy
Kalutara,Leek,Maha,2024,35.3,37.1,synthetic_proxy
Kandy,Leek,Maha,2024,73.6,72.3,synthetic_proxy
Kegalle,Leek,Maha,2024,38.0,44.6,synthetic_proxy
Kilinochchi,Leek,Maha,2024,27.6,26.1,synthetic_proxy
Kurunegala,Leek,Maha,2024,132.0,150.0,synthetic_proxy
Mannar,Leek,Maha,2024,33.0,30.4,synthetic_proxy
Matale,Leek,Maha,2024,87.3,86.6,synthetic_proxy
Matara,Leek,Maha,2024,50.1,43.6,synthetic_proxy
Monaragala,Leek,Maha,2024,48.5,51.2,synthetic_proxy
Mullaitivu,Leek,Maha,2024,28.2,33.1,synthetic_proxy
Nuwara Eliya,Leek,Maha,2024,100.6,99.6,synthetic_proxy
Polonnaruwa,Leek,Maha,2024,33.6,32.8,synthetic_proxy
Puttalam,Leek,Maha,2024,38.7,33.6,synthetic_proxy
Ratnapura,Leek,Maha,2024,92.0,89.5,synthetic_proxy
Trincomalee,Leek,Maha,2024,29.3,23.7,synthetic_proxy
Vavuniya,Leek,Maha,2024,31.7,28.2,synthetic_proxy
Ampara,Leek,Yala,2024,71.3,73.2,synthetic_proxy
Anuradhapura,Leek,Yala,2024,67.4,78.0,synthetic_proxy
Badulla,Leek,Yala,2024,171.0,228.7,synthetic_proxy
Batticaloa,Leek,Yala,2024,31.9,29.7,synthetic_proxy
Colombo,Leek,Yala,2024,159.2,186.6,synthetic_proxy
Galle,Leek,Yala,2024,37.9,39.0,synthetic_proxy
Gampaha,Leek,Yala,2024,63.8,62.6,synthetic_proxy
Hambantota,Leek,Yala,2024,108.9,114.5,synthetic_proxy
Jaffna,Leek,Yala,2024,50.0,50.3,synthetic_proxy
Kalutara,Leek,Yala,2024,38.3,38.8,synthetic_proxy
Kandy,Leek,Yala,2024,80.0,76.1,synthetic_proxy
Kegalle,Leek,Yala,2024,41.2,34.3,synthetic_proxy
Kilinochchi,Leek,Yala,2024,30.0,24.4,synthetic_proxy
Kurunegala,Leek,Yala,2024,143.5,154.7,synthetic_proxy
Mannar,Leek,Yala,2024,35.8,34.6,synthetic_proxy
Matale,Leek,Yala,2024,94.8,88.0,synthetic_proxy
Matara,Leek,Yala,2024,54.4,54.5,synthetic_proxy
Monaragala,Leek,Yala,2024,52.7,57.7,synthetic_proxy
Mullaitivu,Leek,Yala,2024,30.7,31.4,synthetic_proxy
Nuwara Eliya,Leek,Yala,2024,109.3,100.7,synthetic_proxy
Polonnaruwa,Leek,Yala,2024,36.5,41.9,synthetic_proxy
Puttalam,Leek,Yala,2024,42.1,50.1,synthetic_proxy
Ratnapura,Leek,Yala,2024,100.0,105.9,synthetic_proxy
Trincomalee,Leek,Yala,2024,31.9,35.6,synthetic_proxy
Vavuniya,Leek,Yala,2024,34.5,39.6,synthetic_proxy
Ampara,Leek,Maha,2025,83.4,94.7,synthetic_proxy
Anuradhapura,Leek,Maha,2025,78.9,84.7,synthetic_proxy
Badulla,Leek,Maha,2025,200.2,214.6,synthetic_proxy
Batticaloa,Leek,Maha,2025,37.4,39.7,synthetic_proxy
Colombo,Leek,Maha,2025,186.3,161.8,synthetic_proxy
Galle,Leek,Maha,2025,44.4,48.1,synthetic_proxy
Gampaha,Leek,Maha,2025,74.7,62.5,synthetic_proxy
Hambantota,Leek,Maha,2025,127.4,115.3,synthetic_proxy
Jaffna,Leek,Maha,2025,58.5,67.6,synthetic_proxy
Kalutara,Leek,Maha,2025,44.8,49.4,synthetic_proxy
Kandy,Leek,Maha,2025,93.6,110.4,synthetic_proxy
Kegalle,Leek,Maha,2025,48.3,46.7,synthetic_proxy
Kilinochchi,Leek,Maha,2025,35.1,30.2,synthetic_proxy
Kurunegala,Leek,Maha,2025,167.9,163.1,synthetic_proxy
Mannar,Leek,Maha,2025,41.9,42.5,synthetic_proxy
Matale,Leek,Maha,2025,111.0,112.0,synthetic_proxy
Matara,Leek,Maha,2025,63.7,72.3,synthetic_proxy
Monaragala,Leek,Maha,2025,61.7,59.0,synthetic_proxy
Mullaitivu,Leek,Maha,2025,35.9,37.4,synthetic_proxy
Nuwara Eliya,Leek,Maha,2025,127.9,112.7,synthetic_proxy
Polonnaruwa,Leek,Maha,2025,42.7,45.0,synthetic_proxy
Puttalam,Leek,Maha,2025,49.3,49.3,synthetic_proxy
Ratnapura,Leek,Maha,2025,117.0,106.5,synthetic_proxy
Trincomalee,Leek,Maha,2025,37.3,36.2,synthetic_proxy
Vavuniya,Leek,Maha,2025,40.3,39.4,synthetic_proxy
Ampara,Leek,Yala,2025,69.2,66.9,synthetic_proxy
Anuradhapura,Leek,Yala,2025,65.4,79.3,synthetic_proxy
Badulla,Leek,Yala,2025,166.0,164.0,synthetic_proxy
Batticaloa,Leek,Yala,2025,31.0,30.1,synthetic_proxy
Colombo,Leek,Yala,2025,154.5,115.6,synthetic_proxy
Galle,Leek,Yala,2025,36.8,32.9,synthetic_proxy
Gampaha,Leek,Yala,2025,61.9,59.9,synthetic_proxy
Hambantota,Leek,Yala,2025,105.7,97.0,synthetic_proxy
Jaffna,Leek,Yala,2025,48.5,56.5,synthetic_proxy
Kalutara,Leek,Yala,2025,37.2,36.4,synthetic_proxy
Kandy,Leek,Yala,2025,77.6,89.6,synthetic_proxy
Kegalle,Leek,Yala,2025,40.0,40.3,synthetic_proxy
Kilinochchi,Leek,Yala,2025,29.1,29.2,synthetic_proxy
Kurunegala,Leek,Yala,2025,139.2,137.7,synthetic_proxy
Mannar,Leek,Yala,2025,34.8,34.8,synthetic_proxy
Matale,Leek,Yala,2025,92.0,111.0,synthetic_proxy
Matara,Leek,Yala,2025,52.8,38.1,synthetic_proxy
Monaragala,Leek,Yala,2025,51.2,38.9,synthetic_proxy
Mullaitivu,Leek,Yala,2025,29.8,27.8,synthetic_proxy
Nuwara Eliya,Leek,Yala,2025,106.0,106.2,synthetic_proxy
Polonnaruwa,Leek,Yala,2025,35.4,38.3,synthetic_proxy
Puttalam,Leek,Yala,2025,40.8,43.2,synthetic_proxy
Ratnapura,Leek,Yala,2025,97.0,92.5,synthetic_proxy
Trincomalee,Leek,Yala,2025,30.9,34.7,synthetic_proxy
Vavuniya,Leek,Yala,2025,33.4,37.6,synthetic_proxy
Ampara,Tomato,Maha,2014,114.5,117.0,synthetic_proxy
Anuradhapura,Tomato,Maha,2014,106.1,118.4,synthetic_proxy
Badulla,Tomato,Maha,2014,269.8,278.7,synthetic_proxy
Batticaloa,Tomato,Maha,2014,50.5,47.1,synthetic_proxy
Colombo,Tomato,Maha,2014,251.0,272.0,synthetic_proxy
Galle,Tomato,Maha,2014,59.8,60.6,synthetic_proxy
Gampaha,Tomato,Maha,2014,100.5,100.5,synthetic_proxy
Hambantota,Tomato,Maha,2014,202.1,237.8,synthetic_proxy
Jaffna,Tomato,Maha,2014,81.9,57.8,synthetic_proxy
Kalutara,Tomato,Maha,2014,60.1,49.9,synthetic_proxy
Kandy,Tomato,Maha,2014,126.2,108.2,synthetic_proxy
Kegalle,Tomato,Maha,2014,64.9,62.1,synthetic_proxy
Kilinochchi,Tomato,Maha,2014,47.3,45.8,synthetic_proxy
Kurunegala,Tomato,Maha,2014,226.6,185.6,synthetic_proxy
Mannar,Tomato,Maha,2014,56.6,49.9,synthetic_proxy
Matale,Tomato,Maha,2014,149.5,134.1,synthetic_proxy
Matara,Tomato,Maha,2014,107.1,138.6,synthetic_proxy
Monaragala,Tomato,Maha,2014,103.3,125.6,synthetic_proxy
Mullaitivu,Tomato,Maha,2014,47.7,45.3,synthetic_proxy
Nuwara Eliya,Tomato,Maha,2014,172.1,164.6,synthetic_proxy
Polonnaruwa,Tomato,Maha,2014,58.3,50.2,synthetic_proxy
Puttalam,Tomato,Maha,2014,83.1,64.1,synthetic_proxy
Ratnapura,Tomato,Maha,2014,158.2,156.0,synthetic_proxy
Trincomalee,Tomato,Maha,2014,48.8,43.0,synthetic_proxy
Vavuniya,Tomato,Maha,2014,54.0,53.5,synthetic_proxy
Ampara,Tomato,Maha,2015,97.5,78.8,synthetic_proxy
Anuradhapura,Tomato,Maha,2015,90.4,82.1,synthetic_proxy
Badulla,Tomato,Maha,2015,229.8,233.9,synthetic_proxy
Batticaloa,Tomato,Maha,2015,43.0,44.9,synthetic_proxy
Colombo,Tomato,Maha,2015,213.8,224.5,synthetic_proxy
Galle,Tomato,Maha,2015,50.9,42.9,synthetic_proxy
Gampaha,Tomato,Maha,2015,85.6,94.4,synthetic_proxy
Hambantota,Tomato,Maha,2015,172.1,155.6,synthetic_proxy
Jaffna,Tomato,Maha,2015,69.7,75.0,synthetic_proxy
Kalutara,Tomato,Maha,2015,51.2,51.1,synthetic_proxy
Kandy,Tomato,Maha,2015,107.5,89.7,synthetic_proxy
Kegalle,Tomato,Maha,2015,55.3,53.2,synthetic_proxy
Kilinochchi,Tomato,Maha,2015,40.3,42.0,synthetic_proxy
Kurunegala,Tomato,Maha,2015,192.9,207.1,synthetic_proxy
Mannar,Tomato,Maha,2015,48.2,47.4,synthetic_proxy
Matale,Tomato,Maha,2015,127.3,150.7,synthetic_proxy
Matara,Tomato,Maha,2015,91.2,102.2,synthetic_proxy
Monaragala,Tomato,Maha,2015,87.9,85.2,synthetic_proxy
Mullaitivu,Tomato,Maha,2015,40.6,44.3,synthetic_proxy
Nuwara Eliya,Tomato,Maha,2015,146.6,180.6,synthetic_proxy
Polonnaruwa,Tomato,Maha,2015,49.6,61.3,synthetic_proxy
Puttalam,Tomato,Maha,2015,70.8,60.4,synthetic_proxy
Ratnapura,Tomato,Maha,2015,134.8,119.8,synthetic_proxy
Trincomalee,Tomato,Maha,2015,41.6,49.0,synthetic_proxy
Vavuniya,Tomato,Maha,2015,46.0,40.2,synthetic_proxy
Ampara,Tomato,Yala,2015,80.9,68.1,synthetic_proxy
Anuradhapura,Tomato,Yala,2015,75.0,70.7,synthetic_proxy
Badulla,Tomato,Yala,2015,190.7,200.4,synthetic_proxy
Batticaloa,Tomato,Yala,2015,35.7,35.2,synthetic_proxy
Colombo,Tomato,Yala,2015,177.4,163.6,synthetic_proxy
Galle,Tomato,Yala,2015,42.3,38.9,synthetic_proxy
Gampaha,Tomato,Yala,2015,71.0,65.0,synthetic_proxy
Hambantota,Tomato,Yala,2015,142.9,127.8,synthetic_proxy
Jaffna,Tomato,Yala,2015,57.9,73.7,synthetic_proxy
Kalutara,Tomato,Yala,2015,42.5,44.0,synthetic_proxy
Kandy,Tomato,Yala,2015,89.2,98.7,synthetic_proxy
Kegalle,Tomato,Yala,2015,45.9,43.2,synthetic_proxy
Kilinochchi,Tomato,Yala,2015,33.4,32.7,synthetic_proxy
Kurunegala,Tomato,Yala,2015,160.2,146.4,synthetic_proxy
Mannar,Tomato,Yala,2015,40.0,27.3,synthetic_proxy
Matale,Tomato,Yala,2015,105.7,88.2,synthetic_proxy
Matara,Tomato,Yala,2015,75.7,59.2,synthetic_proxy
Monaragala,Tomato,Yala,2015,73.0,53.3,synthetic_proxy
Mullaitivu,Tomato,Yala,2015,33.7,28.9,synthetic_proxy
Nuwara Eliya,Tomato,Yala,2015,121.7,141.0,synthetic_proxy
Polonnaruwa,Tomato,Yala,2015,41.2,41.0,synthetic_proxy
Puttalam,Tomato,Yala,2015,58.8,67.9,synthetic_proxy
Ratnapura,Tomato,Yala,2015,111.9,117.4,synthetic_proxy
Trincomalee,Tomato,Yala,2015,34.5,37.7,synthetic_proxy
Vavuniya,Tomato,Yala,2015,38.2,34.1,synthetic_proxy
Ampara,Tomato,Maha,2016,74.9,79.6,synthetic_proxy
Anuradhapura,Tomato,Maha,2016,69.4,75.5,synthetic_proxy
Badulla,Tomato,Maha,2016,176.5,164.3,synthetic_proxy
Batticaloa,Tomato,Maha,2016,33.0,35.2,synthetic_proxy
Colombo,Tomato,Maha,2016,164.2,175.3,synthetic_proxy
Galle,Tomato,Maha,2016,39.1,36.5,synthetic_proxy
Gampaha,Tomato,Maha,2016,65.7,56.9,synthetic_proxy
Hambantota,Tomato,Maha,2016,132.2,113.4,synthetic_proxy
Jaffna,Tomato,Maha,2016,53.6,54.1,synthetic_proxy
Kalutara,Tomato,Maha,2016,39.3,40.9,synthetic_proxy
Kandy,Tomato,Maha,2016,82.5,74.7,synthetic_proxy
Kegalle,Tomato,Maha,2016,42.5,42.6,synthetic_proxy
Kilinochchi,Tomato,Maha,2016,30.9,33.0,synthetic_proxy
Kurunegala,Tomato,Maha,2016,148.2,159.2,synthetic_proxy
Mannar,Tomato,Maha,2016,37.0,43.9,synthetic_proxy
Matale,Tomato,Maha,2016,97.8,112.8,synthetic_proxy
Matara,Tomato,Maha,2016,70.0,61.6,synthetic_proxy
Monaragala,Tomato,Maha,2016,67.5,81.2,synthetic_proxy
Mullaitivu,Tomato,Maha,2016,31.2,29.2,synthetic_proxy
Nuwara Eliya,Tomato,Maha,2016,112.6,126.7,synthetic_proxy
Polonnaruwa,Tomato,Maha,2016,38.1,38.4,synthetic_proxy
Puttalam,Tomato,Maha,2016,54.4,51.7,synthetic_proxy
Ratnapura,Tomato,Maha,2016,103.5,81.0,synthetic_proxy
Trincomalee,Tomato,Maha,2016,31.9,31.3,synthetic_proxy
Vavuniya,Tomato,Maha,2016,35.3,28.7,synthetic_proxy
Ampara,Tomato,Yala,2016,74.3,83.0,synthetic_proxy
Anuradhapura,Tomato,Yala,2016,68.9,81.5,synthetic_proxy
Badulla,Tomato,Yala,2016,175.2,158.5,synthetic_proxy
Batticaloa,Tomato,Yala,2016,32.8,34.0,synthetic_proxy
Colombo,Tomato,Yala,2016,163.0,148.8,synthetic_proxy
Galle,Tomato,Yala,2016,38.8,35.9,synthetic_proxy
Gampaha,Tomato,Yala,2016,65.3,71.3,synthetic_proxy
Hambantota,Tomato,Yala,2016,131.3,130.7,synthetic_proxy
Jaffna,Tomato,Yala,2016,53.2,64.3,synthetic_proxy
Kalutara,Tomato,Yala,2016,39.0,36.8,synthetic_proxy
Kandy,Tomato,Yala,2016,81.9,91.8,synthetic_proxy
Kegalle,Tomato,Yala,2016,42.2,42.7,synthetic_proxy
Kilinochchi,Tomato,Yala,2016,30.7,33.6,synthetic_proxy
Kurunegala,Tomato,Yala,2016,147.1,139.3,synthetic_proxy
Mannar,Tomato,Yala,2016,36.8,36.6,synthetic_proxy
Matale,Tomato,Yala,2016,97.1,95.8,synthetic_proxy
Matara,Tomato,Yala,2016,69.5,62.6,synthetic_proxy
Monaragala,Tomato,Yala,2016,67.1,72.4,synthetic_proxy
Mullaitivu,Tomato,Yala,2016,31.0,33.4,synthetic_proxy
Nuwara Eliya,Tomato,Yala,2016,111.8,119.7,synthetic_proxy
Polonnaruwa,Tomato,Yala,2016,37.8,44.8,synthetic_proxy
Puttalam,Tomato,Yala,2016,54.0,63.4,synthetic_proxy
Ratnapura,Tomato,Yala,2016,102.8,98.1,synthetic_proxy
Trincomalee,Tomato,Yala,2016,31.7,33.1,synthetic_proxy
Vavuniya,Tomato,Yala,2016,35.1,32.5,synthetic_proxy
Ampara,Tomato,Maha,2017,90.9,91.2,synthetic_proxy
Anuradhapura,Tomato,Maha,2017,84.3,78.2,synthetic_proxy
Badulla,Tomato,Maha,2017,214.3,255.9,synthetic_proxy
Batticaloa,Tomato,Maha,2017,40.1,41.8,synthetic_proxy
Colombo,Tomato,Maha,2017,199.3,194.1,synthetic_proxy
Galle,Tomato,Maha,2017,47.5,54.3,synthetic_proxy
Gampaha,Tomato,Maha,2017,79.8,59.0,synthetic_proxy
Hambantota,Tomato,Maha,2017,160.5,121.7,synthetic_proxy
Jaffna,Tomato,Maha,2017,65.0,71.2,synthetic_proxy
Kalutara,Tomato,Maha,2017,47.7,48.1,synthetic_proxy
Kandy,Tomato,Maha,2017,100.2,103.2,synthetic_proxy
Kegalle,Tomato,Maha,2017,51.6,43.4,synthetic_proxy
Kilinochchi,Tomato,Maha,2017,37.5,37.4,synthetic_proxy
Kurunegala,Tomato,Maha,2017,179.9,223.2,synthetic_proxy
Mannar,Tomato,Maha,2017,45.0,49.4,synthetic_proxy
Matale,Tomato,Maha,2017,118.7,121.1,synthetic_proxy
Matara,Tomato,Maha,2017,85.0,80.5,synthetic_proxy
Monaragala,Tomato,Maha,2017,82.0,78.1,synthetic_proxy
Mullaitivu,Tomato,Maha,2017,37.9,28.2,synthetic_proxy
Nuwara Eliya,Tomato,Maha,2017,136.7,140.9,synthetic_proxy
Polonnaruwa,Tomato,Maha,2017,46.3,51.0,synthetic_proxy
Puttalam,Tomato,Maha,2017,66.0,53.5,synthetic_proxy
Ratnapura,Tomato,Maha,2017,125.7,115.7,synthetic_proxy
Trincomalee,Tomato,Maha,2017,38.8,33.4,synthetic_proxy
Vavuniya,Tomato,Maha,2017,42.9,37.9,synthetic_proxy
Ampara,Tomato,Yala,2017,82.4,83.0,synthetic_proxy
Anuradhapura,Tomato,Yala,2017,76.4,57.3,synthetic_proxy
Badulla,Tomato,Yala,2017,194.3,208.7,synthetic_proxy
Batticaloa,Tomato,Yala,2017,36.3,39.6,synthetic_proxy
Colombo,Tomato,Yala,2017,180.8,175.3,synthetic_proxy
Galle,Tomato,Yala,2017,43.1,30.2,synthetic_proxy
Gampaha,Tomato,Yala,2017,72.4,63.7,synthetic_proxy
Hambantota,Tomato,Yala,2017,145.6,167.1,synthetic_proxy
Jaffna,Tomato,Yala,2017,59.0,39.3,synthetic_proxy
Kalutara,Tomato,Yala,2017,43.3,41.5,synthetic_proxy
Kandy,Tomato,Yala,2017,90.9,78.0,synthetic_proxy
Kegalle,Tomato,Yala,2017,46.8,51.3,synthetic_proxy
Kilinochchi,Tomato,Yala,2017,34.0,31.3,synthetic_proxy
Kurunegala,Tomato,Yala,2017,163.2,171.1,synthetic_proxy
Mannar,Tomato,Yala,2017,40.8,43.5,synthetic_proxy
Matale,Tomato,Yala,2017,107.7,131.4,synthetic_proxy
Matara,Tomato,Yala,2017,77.1,75.2,synthetic_proxy
Monaragala,Tomato,Yala,2017,74.4,77.7,synthetic_proxy
Mullaitivu,Tomato,Yala,2017,34.3,28.2,synthetic_proxy
Nuwara Eliya,Tomato,Yala,2017,124.0,141.7,synthetic_proxy
Polonnaruwa,Tomato,Yala,2017,42.0,38.1,synthetic_proxy
Puttalam,Tomato,Yala,2017,59.9,55.8,synthetic_proxy
Ratnapura,Tomato,Yala,2017,114.0,113.7,synthetic_proxy
Trincomalee,Tomato,Yala,2017,35.2,28.6,synthetic_proxy
Vavuniya,Tomato,Yala,2017,38.9,40.0,synthetic_proxy
Ampara,Tomato,Maha,2018,91.5,102.1,synthetic_proxy
Anuradhapura,Tomato,Maha,2018,84.9,87.8,synthetic_proxy
Badulla,Tomato,Maha,2018,215.7,174.6,synthetic_proxy
Batticaloa,Tomato,Maha,2018,40.3,39.7,synthetic_proxy
Colombo,Tomato,Maha,2018,200.7,218.5,synthetic_proxy
Galle,Tomato,Maha,2018,47.8,37.0,synthetic_proxy
Gampaha,Tomato,Maha,2018,80.3,70.0,synthetic_proxy
Hambantota,Tomato,Maha,2018,161.6,178.6,synthetic_proxy
Jaffna,Tomato,Maha,2018,65.5,67.6,synthetic_proxy
Kalutara,Tomato,Maha,2018,48.1,50.4,synthetic_proxy
Kandy,Tomato,Maha,2018,100.9,123.4,synthetic_proxy
Kegalle,Tomato,Maha,2018,51.9,54.8,synthetic_proxy
Kilinochchi,Tomato,Maha,2018,37.8,40.8,synthetic_proxy
Kurunegala,Tomato,Maha,2018,181.1,240.0,synthetic_proxy
Mannar,Tomato,Maha,2018,45.3,44.1,synthetic_proxy
Matale,Tomato,Maha,2018,119.5,108.1,synthetic_proxy
Matara,Tomato,Maha,2018,85.6,90.0,synthetic_proxy
Monaragala,Tomato,Maha,2018,82.6,86.9,synthetic_proxy
Mullaitivu,Tomato,Maha,2018,38.1,35.7,synthetic_proxy
Nuwara Eliya,Tomato,Maha,2018,137.6,120.5,synthetic_proxy
Polonnaruwa,Tomato,Maha,2018,46.6,59.5,synthetic_proxy
Puttalam,Tomato,Maha,2018,66.5,69.1,synthetic_proxy
Ratnapura,Tomato,Maha,2018,126.5,115.4,synthetic_proxy
Trincomalee,Tomato,Maha,2018,39.0,43.3,synthetic_proxy
Vavuniya,Tomato,Maha,2018,43.2,42.6,synthetic_proxy
Ampara,Tomato,Yala,2018,92.6,89.8,synthetic_proxy
Anuradhapura,Tomato,Yala,2018,85.9,91.7,synthetic_proxy
Badulla,Tomato,Yala,2018,218.4,184.5,synthetic_proxy
Batticaloa,Tomato,Yala,2018,40.8,42.6,synthetic_proxy
Colombo,Tomato,Yala,2018,203.2,249.8,synthetic_proxy
Galle,Tomato,Yala,2018,48.4,51.1,synthetic_proxy
Gampaha,Tomato,Yala,2018,81.3,77.7,synthetic_proxy
Hambantota,Tomato,Yala,2018,163.6,153.6,synthetic_proxy
Jaffna,Tomato,Yala,2018,66.3,63.0,synthetic_proxy
Kalutara,Tomato,Yala,2018,48.6,47.2,synthetic_proxy
Kandy,Tomato,Yala,2018,102.1,97.5,synthetic_proxy
Kegalle,Tomato,Yala,2018,52.6,58.3,synthetic_proxy
Kilinochchi,Tomato,Yala,2018,38.3,30.3,synthetic_proxy
Kurunegala,Tomato,Yala,2018,183.4,202.3,synthetic_proxy
Mannar,Tomato,Yala,2018,45.8,43.7,synthetic_proxy
Matale,Tomato,Yala,2018,121.0,126.5,synthetic_proxy
Matara,Tomato,Yala,2018,86.7,74.9,synthetic_proxy
Monaragala,Tomato,Yala,2018,83.6,96.9,synthetic_proxy
Mullaitivu,Tomato,Yala,2018,38.6,44.4,synthetic_proxy
Nuwara Eliya,Tomato,Yala,2018,139.3,155.3,synthetic_proxy
Polonnaruwa,Tomato,Yala,2018,47.2,38.6,synthetic_proxy
Puttalam,Tomato,Yala,2018,67.3,74.0,synthetic_proxy
Ratnapura,Tomato,Yala,2018,128.1,134.3,synthetic_proxy
Trincomalee,Tomato,Yala,2018,39.5,31.9,synthetic_proxy
Vavuniya,Tomato,Yala,2018,43.7,43.6,synthetic_proxy
Ampara,Tomato,Maha,2019,87.3,91.1,synthetic_proxy
Anuradhapura,Tomato,Maha,2019,80.9,86.3,synthetic_proxy
Badulla,Tomato,Maha,2019,205.7,210.1,synthetic_proxy
Batticaloa,Tomato,Maha,2019,38.5,39.8,synthetic_proxy
Colombo,Tomato,Maha,2019,191.4,225.2,synthetic_proxy
Galle,Tomato,Maha,2019,45.6,52.3,synthetic_proxy
Gampaha,Tomato,Maha,2019,76.6,50.3,synthetic_proxy
Hambantota,Tomato,Maha,2019,154.1,148.2,synthetic_proxy
Jaffna,Tomato,Maha,2019,62.4,61.2,synthetic_proxy
Kalutara,Tomato,Maha,2019,45.8,36.2,synthetic_proxy
Kandy,Tomato,Maha,2019,96.2,97.3,synthetic_proxy
Kegalle,Tomato,Maha,2019,49.5,56.9,synthetic_proxy
Kilinochchi,Tomato,Maha,2019,36.0,31.3,synthetic_proxy
Kurunegala,Tomato,Maha,2019,172.7,179.7,synthetic_proxy
Mannar,Tomato,Maha,2019,43.2,38.4,synthetic_proxy
Matale,Tomato,Maha,2019,114.0,104.8,synthetic_proxy
Matara,Tomato,Maha,2019,81.6,96.1,synthetic_proxy
Monaragala,Tomato,Maha,2019,78.7,73.6,synthetic_proxy
Mullaitivu,Tomato,Maha,2019,36.3,38.4,synthetic_proxy
Nuwara Eliya,Tomato,Maha,2019,131.2,101.8,synthetic_proxy
Polonnaruwa,Tomato,Maha,2019,44.4,54.3,synthetic_proxy
Puttalam,Tomato,Maha,2019,63.4,68.0,synthetic_proxy
Ratnapura,Tomato,Maha,2019,120.6,118.0,synthetic_proxy
Trincomalee,Tomato,Maha,2019,37.2,39.8,synthetic_proxy
Vavuniya,Tomato,Maha,2019,41.2,34.2,synthetic_proxy
Ampara,Tomato,Yala,2019,113.5,129.6,synthetic_proxy
Anuradhapura,Tomato,Yala,2019,105.3,101.2,synthetic_proxy
Badulla,Tomato,Yala,2019,267.6,261.0,synthetic_proxy
Batticaloa,Tomato,Yala,2019,50.0,47.1,synthetic_proxy
Colombo,Tomato,Yala,2019,248.9,231.6,synthetic_proxy
Galle,Tomato,Yala,2019,59.3,64.2,synthetic_proxy
Gampaha,Tomato,Yala,2019,99.7,102.7,synthetic_proxy
Hambantota,Tomato,Yala,2019,200.4,216.1,synthetic_proxy
Jaffna,Tomato,Yala,2019,81.2,81.1,synthetic_proxy
Kalutara,Tomato,Yala,2019,59.6,63.3,synthetic_proxy
Kandy,Tomato,Yala,2019,125.1,118.8,synthetic_proxy
Kegalle,Tomato,Yala,2019,64.4,81.6,synthetic_proxy
Kilinochchi,Tomato,Yala,2019,46.9,38.1,synthetic_proxy
Kurunegala,Tomato,Yala,2019,224.7,258.7,synthetic_proxy
Mannar,Tomato,Yala,2019,56.1,65.4,synthetic_proxy
Matale,Tomato,Yala,2019,148.3,133.1,synthetic_proxy
Matara,Tomato,Yala,2019,106.2,134.6,synthetic_proxy
Monaragala,Tomato,Yala,2019,102.4,114.6,synthetic_proxy
Mullaitivu,Tomato,Yala,2019,47.3,52.8,synthetic_proxy
Nuwara Eliya,Tomato,Yala,2019,170.7,171.2,synthetic_proxy
Polonnaruwa,Tomato,Yala,2019,57.8,56.3,synthetic_proxy
Puttalam,Tomato,Yala,2019,82.4,80.4,synthetic_proxy
Ratnapura,Tomato,Yala,2019,156.9,164.3,synthetic_proxy
Trincomalee,Tomato,Yala,2019,48.4,56.5,synthetic_proxy
Vavuniya,Tomato,Yala,2019,53.6,54.8,synthetic_proxy
Ampara,Tomato,Maha,2020,81.8,72.8,synthetic_proxy
Anuradhapura,Tomato,Maha,2020,75.8,83.3,synthetic_proxy
Badulla,Tomato,Maha,2020,192.7,214.0,synthetic_proxy
Batticaloa,Tomato,Maha,2020,36.0,38.9,synthetic_proxy
Colombo,Tomato,Maha,2020,179.3,195.3,synthetic_proxy
Galle,Tomato,Maha,2020,42.7,41.3,synthetic_proxy
Gampaha,Tomato,Maha,2020,71.8,63.8,synthetic_proxy
Hambantota,Tomato,Maha,2020,144.3,129.3,synthetic_proxy
Jaffna,Tomato,Maha,2020,58.5,47.0,synthetic_proxy
Kalutara,Tomato,Maha,2020,42.9,44.2,synthetic_proxy
Kandy,Tomato,Maha,2020,90.1,89.2,synthetic_proxy
Kegalle,Tomato,Maha,2020,46.4,43.9,synthetic_proxy
Kilinochchi,Tomato,Maha,2020,33.8,21.8,synthetic_proxy
Kurunegala,Tomato,Maha,2020,161.8,137.6,synthetic_proxy
Mannar,Tomato,Maha,2020,40.4,45.9,synthetic_proxy
Matale,Tomato,Maha,2020,106.8,98.3,synthetic_proxy
Matara,Tomato,Maha,2020,76.5,79.8,synthetic_proxy
Monaragala,Tomato,Maha,2020,73.8,61.4,synthetic_proxy
Mullaitivu,Tomato,Maha,2020,34.1,39.9,synthetic_proxy
Nuwara Eliya,Tomato,Maha,2020,122.9,120.8,synthetic_proxy
Polonnaruwa,Tomato,Maha,2020,41.6,43.1,synthetic_proxy
Puttalam,Tomato,Maha,2020,59.4,75.9,synthetic_proxy
Ratnapura,Tomato,Maha,2020,113.0,133.6,synthetic_proxy
Trincomalee,Tomato,Maha,2020,34.9,33.6,synthetic_proxy
Vavuniya,Tomato,Maha,2020,38.6,35.9,synthetic_proxy
Ampara,Tomato,Yala,2020,97.1,93.3,synthetic_proxy
Anuradhapura,Tomato,Yala,2020,90.1,95.6,synthetic_proxy
Badulla,Tomato,Yala,2020,229.0,226.1,synthetic_proxy
Batticaloa,Tomato,Yala,2020,42.8,40.8,synthetic_proxy
Colombo,Tomato,Yala,2020,213.0,250.5,synthetic_proxy
Galle,Tomato,Yala,2020,50.7,50.1,synthetic_proxy
Gampaha,Tomato,Yala,2020,85.3,108.8,synthetic_proxy
Hambantota,Tomato,Yala,2020,171.5,173.4,synthetic_proxy
Jaffna,Tomato,Yala,2020,69.5,84.4,synthetic_proxy
Kalutara,Tomato,Yala,2020,51.0,53.2,synthetic_proxy
Kandy,Tomato,Yala,2020,107.1,119.4,synthetic_proxy
Kegalle,Tomato,Yala,2020,55.1,50.3,synthetic_proxy
Kilinochchi,Tomato,Yala,2020,40.1,36.0,synthetic_proxy
Kurunegala,Tomato,Yala,2020,192.3,202.9,synthetic_proxy
Mannar,Tomato,Yala,2020,48.0,53.7,synthetic_proxy
Matale,Tomato,Yala,2020,126.9,127.5,synthetic_proxy
Matara,Tomato,Yala,2020,90.9,76.8,synthetic_proxy
Monaragala,Tomato,Yala,2020,87.6,73.3,synthetic_proxy
Mullaitivu,Tomato,Yala,2020,40.5,33.5,synthetic_proxy
Nuwara Eliya,Tomato,Yala,2020,146.0,115.1,synthetic_proxy
Polonnaruwa,Tomato,Yala,2020,49.4,50.1,synthetic_proxy
Puttalam,Tomato,Yala,2020,70.5,80.1,synthetic_proxy
Ratnapura,Tomato,Yala,2020,134.3,134.1,synthetic_proxy
Trincomalee,Tomato,Yala,2020,41.4,30.2,synthetic_proxy
Vavuniya,Tomato,Yala,2020,45.9,44.8,synthetic_proxy
Ampara,Tomato,Maha,2021,87.1,85.4,synthetic_proxy
Anuradhapura,Tomato,Maha,2021,80.8,101.1,synthetic_proxy
Badulla,Tomato,Maha,2021,205.3,169.4,synthetic_proxy
Batticaloa,Tomato,Maha,2021,38.4,36.6,synthetic_proxy
Colombo,Tomato,Maha,2021,191.0,230.1,synthetic_proxy
Galle,Tomato,Maha,2021,45.5,48.0,synthetic_proxy
Gampaha,Tomato,Maha,2021,76.5,81.6,synthetic_proxy
Hambantota,Tomato,Maha,2021,153.8,155.9,synthetic_proxy
Jaffna,Tomato,Maha,2021,62.3,64.8,synthetic_proxy
Kalutara,Tomato,Maha,2021,45.7,50.0,synthetic_proxy
Kandy,Tomato,Maha,2021,96.0,86.7,synthetic_proxy
Kegalle,Tomato,Maha,2021,49.4,54.6,synthetic_proxy
Kilinochchi,Tomato,Maha,2021,36.0,30.0,synthetic_proxy
Kurunegala,Tomato,Maha,2021,172.4,179.2,synthetic_proxy
Mannar,Tomato,Maha,2021,43.1,44.0,synthetic_proxy
Matale,Tomato,Maha,2021,113.7,105.3,synthetic_proxy
Matara,Tomato,Maha,2021,81.5,81.2,synthetic_proxy
Monaragala,Tomato,Maha,2021,78.6,72.7,synthetic_proxy
Mullaitivu,Tomato,Maha,2021,36.3,31.6,synthetic_proxy
Nuwara Eliya,Tomato,Maha,2021,130.9,125.4,synthetic_proxy
Polonnaruwa,Tomato,Maha,2021,44.3,38.5,synthetic_proxy
Puttalam,Tomato,Maha,2021,63.2,65.7,synthetic_proxy
Ratnapura,Tomato,Maha,2021,120.4,103.8,synthetic_proxy
Trincomalee,Tomato,Maha,2021,37.1,40.3,synthetic_proxy
Vavuniya,Tomato,Maha,2021,41.1,35.3,synthetic_proxy
Ampara,Tomato,Yala,2021,131.5,122.5,synthetic_proxy
Anuradhapura,Tomato,Yala,2021,121.9,112.8,synthetic_proxy
Badulla,Tomato,Yala,2021,309.9,359.2,synthetic_proxy
Batticaloa,Tomato,Yala,2021,57.9,60.2,synthetic_proxy
Colombo,Tomato,Yala,2021,288.3,281.0,synthetic_proxy
Galle,Tomato,Yala,2021,68.7,72.8,synthetic_proxy
Gampaha,Tomato,Yala,2021,115.4,86.2,synthetic_proxy
Hambantota,Tomato,Yala,2021,232.1,230.9,synthetic_proxy
Jaffna,Tomato,Yala,2021,94.1,116.6,synthetic_proxy
Kalutara,Tomato,Yala,2021,69.0,70.1,synthetic_proxy
Kandy,Tomato,Yala,2021,144.9,146.1,synthetic_proxy
Kegalle,Tomato,Yala,2021,74.6,79.5,synthetic_proxy
Kilinochchi,Tomato,Yala,2021,54.3,60.1,synthetic_proxy
Kurunegala,Tomato,Yala,2021,260.2,197.9,synthetic_proxy
Mannar,Tomato,Yala,2021,65.0,51.9,synthetic_proxy
Matale,Tomato,Yala,2021,171.7,176.1,synthetic_proxy
Matara,Tomato,Yala,2021,123.0,112.4,synthetic_proxy
Monaragala,Tomato,Yala,2021,118.6,137.3,synthetic_proxy
Mullaitivu,Tomato,Yala,2021,54.8,52.7,synthetic_proxy
Nuwara Eliya,Tomato,Yala,2021,197.7,151.8,synthetic_proxy
Polonnaruwa,Tomato,Yala,2021,66.9,56.7,synthetic_proxy
Puttalam,Tomato,Yala,2021,95.5,64.0,synthetic_proxy
Ratnapura,Tomato,Yala,2021,181.7,176.6,synthetic_proxy
Trincomalee,Tomato,Yala,2021,56.1,54.8,synthetic_proxy
Vavuniya,Tomato,Yala,2021,62.1,58.9,synthetic_proxy
Ampara,Tomato,Maha,2022,89.0,100.5,synthetic_proxy
Anuradhapura,Tomato,Maha,2022,82.5,94.4,synthetic_proxy
Badulla,Tomato,Maha,2022,209.8,205.5,synthetic_proxy
Batticaloa,Tomato,Maha,2022,39.2,29.2,synthetic_proxy
Colombo,Tomato,Maha,2022,195.2,209.6,synthetic_proxy
Galle,Tomato,Maha,2022,46.5,49.6,synthetic_proxy
Gampaha,Tomato,Maha,2022,78.1,81.0,synthetic_proxy
Hambantota,Tomato,Maha,2022,157.2,175.7,synthetic_proxy
Jaffna,Tomato,Maha,2022,63.7,54.8,synthetic_proxy
Kalutara,Tomato,Maha,2022,46.7,58.0,synthetic_proxy
Kandy,Tomato,Maha,2022,98.1,86.8,synthetic_proxy
Kegalle,Tomato,Maha,2022,50.5,55.0,synthetic_proxy
Kilinochchi,Tomato,Maha,2022,36.8,29.3,synthetic_proxy
Kurunegala,Tomato,Maha,2022,176.2,156.5,synthetic_proxy
Mannar,Tomato,Maha,2022,44.0,52.0,synthetic_proxy
Matale,Tomato,Maha,2022,116.3,112.6,synthetic_proxy
Matara,Tomato,Maha,2022,83.3,91.6,synthetic_proxy
Monaragala,Tomato,Maha,2022,80.3,82.6,synthetic_proxy
Mullaitivu,Tomato,Maha,2022,37.1,36.6,synthetic_proxy
Nuwara Eliya,Tomato,Maha,2022,133.8,155.7,synthetic_proxy
Polonnaruwa,Tomato,Maha,2022,45.3,44.0,synthetic_proxy
Puttalam,Tomato,Maha,2022,64.6,50.8,synthetic_proxy
Ratnapura,Tomato,Maha,2022,123.0,111.2,synthetic_proxy
Trincomalee,Tomato,Maha,2022,38.0,40.5,synthetic_proxy
Vavuniya,Tomato,Maha,2022,42.0,44.0,synthetic_proxy
Ampara,Tomato,Yala,2022,135.9,110.3,synthetic_proxy
Anuradhapura,Tomato,Yala,2022,126.0,115.0,synthetic_proxy
Badulla,Tomato,Yala,2022,320.3,297.9,synthetic_proxy
Batticaloa,Tomato,Yala,2022,59.9,57.3,synthetic_proxy
Colombo,Tomato,Yala,2022,298.0,248.8,synthetic_proxy
Galle,Tomato,Yala,2022,71.0,65.6,synthetic_proxy
Gampaha,Tomato,Yala,2022,119.3,108.8,synthetic_proxy
Hambantota,Tomato,Yala,2022,239.9,262.1,synthetic_proxy
Jaffna,Tomato,Yala,2022,97.2,106.6,synthetic_proxy
Kalutara,Tomato,Yala,2022,71.3,70.1,synthetic_proxy
Kandy,Tomato,Yala,2022,149.8,142.7,synthetic_proxy
Kegalle,Tomato,Yala,2022,77.1,78.4,synthetic_proxy
Kilinochchi,Tomato,Yala,2022,56.1,50.6,synthetic_proxy
Kurunegala,Tomato,Yala,2022,268.9,231.9,synthetic_proxy
Mannar,Tomato,Yala,2022,67.2,59.6,synthetic_proxy
Matale,Tomato,Yala,2022,177.5,163.9,synthetic_proxy
Matara,Tomato,Yala,2022,127.1,109.3,synthetic_proxy
Monaragala,Tomato,Yala,2022,122.6,125.0,synthetic_proxy
Mullaitivu,Tomato,Yala,2022,56.6,61.5,synthetic_proxy
Nuwara Eliya,Tomato,Yala,2022,204.3,165.4,synthetic_proxy
Polonnaruwa,Tomato,Yala,2022,69.2,69.4,synthetic_proxy
Puttalam,Tomato,Yala,2022,98.7,96.1,synthetic_proxy
Ratnapura,Tomato,Yala,2022,187.8,195.5,synthetic_proxy
Trincomalee,Tomato,Yala,2022,57.9,57.8,synthetic_proxy
Vavuniya,Tomato,Yala,2022,64.2,53.0,synthetic_proxy
Ampara,Tomato,Maha,2023,168.6,143.1,synthetic_proxy
Anuradhapura,Tomato,Maha,2023,156.4,156.9,synthetic_proxy
Badulla,Tomato,Maha,2023,397.5,446.6,synthetic_proxy
Batticaloa,Tomato,Maha,2023,74.3,54.6,synthetic_proxy
Colombo,Tomato,Maha,2023,369.8,385.2,synthetic_proxy
Galle,Tomato,Maha,2023,88.1,100.7,synthetic_proxy
Gampaha,Tomato,Maha,2023,148.1,145.3,synthetic_proxy
Hambantota,Tomato,Maha,2023,297.8,317.4,synthetic_proxy
Jaffna,Tomato,Maha,2023,120.7,110.5,synthetic_proxy
Kalutara,Tomato,Maha,2023,88.6,87.3,synthetic_proxy
Kandy,Tomato,Maha,2023,185.9,149.7,synthetic_proxy
Kegalle,Tomato,Maha,2023,95.7,68.8,synthetic_proxy
Kilinochchi,Tomato,Maha,2023,69.6,77.5,synthetic_proxy
Kurunegala,Tomato,Maha,2023,333.8,294.3,synthetic_proxy
Mannar,Tomato,Maha,2023,83.4,78.9,synthetic_proxy
Matale,Tomato,Maha,2023,220.3,183.6,synthetic_proxy
Matara,Tomato,Maha,2023,157.7,131.1,synthetic_proxy
Monaragala,Tomato,Maha,2023,152.1,149.0,synthetic_proxy
Mullaitivu,Tomato,Maha,2023,70.2,64.1,synthetic_proxy
Nuwara Eliya,Tomato,Maha,2023,253.6,265.1,synthetic_proxy
Polonnaruwa,Tomato,Maha,2023,85.8,90.5,synthetic_proxy
Puttalam,Tomato,Maha,2023,122.5,127.2,synthetic_proxy
Ratnapura,Tomato,Maha,2023,233.1,239.8,synthetic_proxy
Trincomalee,Tomato,Maha,2023,71.9,85.5,synthetic_proxy
Vavuniya,Tomato,Maha,2023,79.6,69.4,synthetic_proxy
Ampara,Tomato,Yala,2023,203.3,202.0,synthetic_proxy
Anuradhapura,Tomato,Yala,2023,188.5,214.2,synthetic_proxy
Badulla,Tomato,Yala,2023,479.3,552.0,synthetic_proxy
Batticaloa,Tomato,Yala,2023,89.6,74.3,synthetic_proxy
Colombo,Tomato,Yala,2023,445.9,429.2,synthetic_proxy
Galle,Tomato,Yala,2023,106.2,123.5,synthetic_proxy
Gampaha,Tomato,Yala,2023,178.5,189.4,synthetic_proxy
Hambantota,Tomato,Yala,2023,359.0,367.4,synthetic_proxy
Jaffna,Tomato,Yala,2023,145.5,141.7,synthetic_proxy
Kalutara,Tomato,Yala,2023,106.8,101.8,synthetic_proxy
Kandy,Tomato,Yala,2023,224.1,231.9,synthetic_proxy
Kegalle,Tomato,Yala,2023,115.3,111.9,synthetic_proxy
Kilinochchi,Tomato,Yala,2023,84.0,83.5,synthetic_proxy
Kurunegala,Tomato,Yala,2023,402.4,406.2,synthetic_proxy
Mannar,Tomato,Yala,2023,100.6,92.4,synthetic_proxy
Matale,Tomato,Yala,2023,265.5,282.5,synthetic_proxy
Matara,Tomato,Yala,2023,190.2,256.7,synthetic_proxy
Monaragala,Tomato,Yala,2023,183.4,144.3,synthetic_proxy
Mullaitivu,Tomato,Yala,2023,84.7,88.0,synthetic_proxy
Nuwara Eliya,Tomato,Yala,2023,305.7,277.8,synthetic_proxy
Polonnaruwa,Tomato,Yala,2023,103.5,110.7,synthetic_proxy
Puttalam,Tomato,Yala,2023,147.6,148.5,synthetic_proxy
Ratnapura,Tomato,Yala,2023,281.1,306.8,synthetic_proxy
Trincomalee,Tomato,Yala,2023,86.7,98.9,synthetic_proxy
Vavuniya,Tomato,Yala,2023,96.0,98.2,synthetic_proxy
Ampara,Tomato,Maha,2024,138.3,157.1,synthetic_proxy
Anuradhapura,Tomato,Maha,2024,128.2,92.2,synthetic_proxy
Badulla,Tomato,Maha,2024,326.0,388.2,synthetic_proxy
Batticaloa,Tomato,Maha,2024,61.0,63.7,synthetic_proxy
Colombo,Tomato,Maha,2024,303.3,342.5,synthetic_proxy
Galle,Tomato,Maha,2024,72.3,61.7,synthetic_proxy
Gampaha,Tomato,Maha,2024,121.4,109.3,synthetic_proxy
Hambantota,Tomato,Maha,2024,244.2,248.5,synthetic_proxy
Jaffna,Tomato,Maha,2024,98.9,98.7,synthetic_proxy
Kalutara,Tomato,Maha,2024,72.6,75.1,synthetic_proxy
Kandy,Tomato,Maha,2024,152.5,172.3,synthetic_proxy
Kegalle,Tomato,Maha,2024,78.5,61.8,synthetic_proxy
Kilinochchi,Tomato,Maha,2024,57.1,63.8,synthetic_proxy
Kurunegala,Tomato,Maha,2024,273.7,274.0,synthetic_proxy
Mannar,Tomato,Maha,2024,68.4,66.7,synthetic_proxy
Matale,Tomato,Maha,2024,180.6,148.7,synthetic_proxy
Matara,Tomato,Maha,2024,129.4,137.2,synthetic_proxy
Monaragala,Tomato,Maha,2024,124.8,88.6,synthetic_proxy
Mullaitivu,Tomato,Maha,2024,57.6,62.1,synthetic_proxy
Nuwara Eliya,Tomato,Maha,2024,207.9,170.7,synthetic_proxy
Polonnaruwa,Tomato,Maha,2024,70.4,70.8,synthetic_proxy
Puttalam,Tomato,Maha,2024,100.4,99.0,synthetic_proxy
Ratnapura,Tomato,Maha,2024,191.2,218.0,synthetic_proxy
Trincomalee,Tomato,Maha,2024,59.0,57.7,synthetic_proxy
Vavuniya,Tomato,Maha,2024,65.3,59.9,synthetic_proxy
Ampara,Tomato,Yala,2024,152.4,143.2,synthetic_proxy
Anuradhapura,Tomato,Yala,2024,141.4,163.0,synthetic_proxy
Badulla,Tomato,Yala,2024,359.4,382.5,synthetic_proxy
Batticaloa,Tomato,Yala,2024,67.2,64.1,synthetic_proxy
Colombo,Tomato,Yala,2024,334.3,324.8,synthetic_proxy
Galle,Tomato,Yala,2024,79.6,64.7,synthetic_proxy
Gampaha,Tomato,Yala,2024,133.8,140.1,synthetic_proxy
Hambantota,Tomato,Yala,2024,269.2,212.3,synthetic_proxy
Jaffna,Tomato,Yala,2024,109.1,118.9,synthetic_proxy
Kalutara,Tomato,Yala,2024,80.1,81.3,synthetic_proxy
Kandy,Tomato,Yala,2024,168.0,216.2,synthetic_proxy
Kegalle,Tomato,Yala,2024,86.5,75.1,synthetic_proxy
Kilinochchi,Tomato,Yala,2024,62.9,62.2,synthetic_proxy
Kurunegala,Tomato,Yala,2024,301.7,366.9,synthetic_proxy
Mannar,Tomato,Yala,2024,75.4,86.2,synthetic_proxy
Matale,Tomato,Yala,2024,199.1,182.5,synthetic_proxy
Matara,Tomato,Yala,2024,142.6,146.4,synthetic_proxy
Monaragala,Tomato,Yala,2024,137.5,137.6,synthetic_proxy
Mullaitivu,Tomato,Yala,2024,63.5,65.6,synthetic_proxy
Nuwara Eliya,Tomato,Yala,2024,229.2,210.0,synthetic_proxy
Polonnaruwa,Tomato,Yala,2024,77.6,76.8,synthetic_proxy
Puttalam,Tomato,Yala,2024,110.7,89.5,synthetic_proxy
Ratnapura,Tomato,Yala,2024,210.7,214.2,synthetic_proxy
Trincomalee,Tomato,Yala,2024,65.0,68.5,synthetic_proxy
Vavuniya,Tomato,Yala,2024,72.0,70.0,synthetic_proxy
Ampara,Tomato,Maha,2025,138.2,111.4,synthetic_proxy
Anuradhapura,Tomato,Maha,2025,128.2,143.4,synthetic_proxy
Badulla,Tomato,Maha,2025,325.9,340.1,synthetic_proxy
Batticaloa,Tomato,Maha,2025,60.9,55.6,synthetic_proxy
Colombo,Tomato,Maha,2025,303.2,292.9,synthetic_proxy
Galle,Tomato,Maha,2025,72.2,59.2,synthetic_proxy
Gampaha,Tomato,Maha,2025,121.4,106.4,synthetic_proxy
Hambantota,Tomato,Maha,2025,244.1,228.3,synthetic_proxy
Jaffna,Tomato,Maha,2025,98.9,113.5,synthetic_proxy
Kalutara,Tomato,Maha,2025,72.6,67.0,synthetic_proxy
Kandy,Tomato,Maha,2025,152.4,164.1,synthetic_proxy
Kegalle,Tomato,Maha,2025,78.4,73.4,synthetic_proxy
Kilinochchi,Tomato,Maha,2025,57.1,58.8,synthetic_proxy
Kurunegala,Tomato,Maha,2025,273.6,269.0,synthetic_proxy
Mannar,Tomato,Maha,2025,68.4,75.5,synthetic_proxy
Matale,Tomato,Maha,2025,180.6,169.0,synthetic_proxy
Matara,Tomato,Maha,2025,129.3,104.9,synthetic_proxy
Monaragala,Tomato,Maha,2025,124.7,104.0,synthetic_proxy
Mullaitivu,Tomato,Maha,2025,57.6,53.9,synthetic_proxy
Nuwara Eliya,Tomato,Maha,2025,207.9,176.7,synthetic_proxy
Polonnaruwa,Tomato,Maha,2025,70.4,73.8,synthetic_proxy
Puttalam,Tomato,Maha,2025,100.4,94.8,synthetic_proxy
Ratnapura,Tomato,Maha,2025,191.1,245.6,synthetic_proxy
Trincomalee,Tomato,Maha,2025,58.9,46.7,synthetic_proxy
Vavuniya,Tomato,Maha,2025,65.3,66.9,synthetic_proxy
Ampara,Tomato,Yala,2025,154.6,133.7,synthetic_proxy
Anuradhapura,Tomato,Yala,2025,143.4,134.9,synthetic_proxy
Badulla,Tomato,Yala,2025,364.4,370.6,synthetic_proxy
Batticaloa,Tomato,Yala,2025,68.1,49.1,synthetic_proxy
Colombo,Tomato,Yala,2025,339.0,348.7,synthetic_proxy
Galle,Tomato,Yala,2025,80.8,99.2,synthetic_proxy
Gampaha,Tomato,Yala,2025,135.7,128.3,synthetic_proxy
Hambantota,Tomato,Yala,2025,273.0,281.5,synthetic_proxy
Jaffna,Tomato,Yala,2025,110.6,124.2,synthetic_proxy
Kalutara,Tomato,Yala,2025,81.2,79.6,synthetic_proxy
Kandy,Tomato,Yala,2025,170.4,158.5,synthetic_proxy
Kegalle,Tomato,Yala,2025,87.7,63.8,synthetic_proxy
Kilinochchi,Tomato,Yala,2025,63.8,68.7,synthetic_proxy
Kurunegala,Tomato,Yala,2025,306.0,301.9,synthetic_proxy
Mannar,Tomato,Yala,2025,76.5,67.2,synthetic_proxy
Matale,Tomato,Yala,2025,201.9,205.0,synthetic_proxy
Matara,Tomato,Yala,2025,144.6,134.5,synthetic_proxy
Monaragala,Tomato,Yala,2025,139.5,130.6,synthetic_proxy
Mullaitivu,Tomato,Yala,2025,64.4,69.1,synthetic_proxy
Nuwara Eliya,Tomato,Yala,2025,232.5,195.1,synthetic_proxy
Polonnaruwa,Tomato,Yala,2025,78.7,88.6,synthetic_proxy
Puttalam,Tomato,Yala,2025,112.3,93.4,synthetic_proxy
Ratnapura,Tomato,Yala,2025,213.7,196.7,synthetic_proxy
Trincomalee,Tomato,Yala,2025,65.9,81.1,synthetic_proxy
Vavuniya,Tomato,Yala,2025,73.0,82.9,synthetic_proxy
Ampara,Cabbage,Maha,2014,91.0,92.0,synthetic_proxy
Anuradhapura,Cabbage,Maha,2014,84.2,74.7,synthetic_proxy
Badulla,Cabbage,Maha,2014,214.6,200.9,synthetic_proxy
Batticaloa,Cabbage,Maha,2014,39.9,40.3,synthetic_proxy
Colombo,Cabbage,Maha,2014,199.5,200.4,synthetic_proxy
Galle,Cabbage,Maha,2014,47.4,46.8,synthetic_proxy
Gampaha,Cabbage,Maha,2014,79.9,79.6,synthetic_proxy
Hambantota,Cabbage,Maha,2014,141.1,137.5,synthetic_proxy
Jaffna,Cabbage,Maha,2014,64.7,53.5,synthetic_proxy
Kalutara,Cabbage,Maha,2014,47.8,44.8,synthetic_proxy
Kandy,Cabbage,Maha,2014,100.3,111.3,synthetic_proxy
Kegalle,Cabbage,Maha,2014,51.8,43.3,synthetic_proxy
Kilinochchi,Cabbage,Maha,2014,37.5,36.6,synthetic_proxy
Kurunegala,Cabbage,Maha,2014,180.0,162.3,synthetic_proxy
Mannar,Cabbage,Maha,2014,44.9,45.5,synthetic_proxy
Matale,Cabbage,Maha,2014,118.8,113.3,synthetic_proxy
Matara,Cabbage,Maha,2014,68.4,80.6,synthetic_proxy
Monaragala,Cabbage,Maha,2014,81.6,86.6,synthetic_proxy
Mullaitivu,Cabbage,Maha,2014,38.6,32.5,synthetic_proxy
Nuwara Eliya,Cabbage,Maha,2014,136.9,148.0,synthetic_proxy
Polonnaruwa,Cabbage,Maha,2014,45.6,41.3,synthetic_proxy
Puttalam,Cabbage,Maha,2014,77.0,71.7,synthetic_proxy
Ratnapura,Cabbage,Maha,2014,125.6,130.3,synthetic_proxy
Trincomalee,Cabbage,Maha,2014,39.8,37.5,synthetic_proxy
Vavuniya,Cabbage,Maha,2014,43.3,47.9,synthetic_proxy
Ampara,Cabbage,Maha,2015,70.7,64.1,synthetic_proxy
Anuradhapura,Cabbage,Maha,2015,65.4,60.6,synthetic_proxy
Badulla,Cabbage,Maha,2015,166.8,153.7,synthetic_proxy
Batticaloa,Cabbage,Maha,2015,31.0,28.9,synthetic_proxy
Colombo,Cabbage,Maha,2015,155.1,175.5,synthetic_proxy
Galle,Cabbage,Maha,2015,36.8,39.6,synthetic_proxy
Gampaha,Cabbage,Maha,2015,62.1,74.9,synthetic_proxy
Hambantota,Cabbage,Maha,2015,109.7,139.5,synthetic_proxy
Jaffna,Cabbage,Maha,2015,50.3,44.1,synthetic_proxy
Kalutara,Cabbage,Maha,2015,37.1,37.4,synthetic_proxy
Kandy,Cabbage,Maha,2015,77.9,66.9,synthetic_proxy
Kegalle,Cabbage,Maha,2015,40.2,36.5,synthetic_proxy
Kilinochchi,Cabbage,Maha,2015,29.1,26.9,synthetic_proxy
Kurunegala,Cabbage,Maha,2015,140.0,122.2,synthetic_proxy
Mannar,Cabbage,Maha,2015,34.9,30.5,synthetic_proxy
Matale,Cabbage,Maha,2015,92.4,90.8,synthetic_proxy
Matara,Cabbage,Maha,2015,53.2,45.4,synthetic_proxy
Monaragala,Cabbage,Maha,2015,63.5,69.9,synthetic_proxy
Mullaitivu,Cabbage,Maha,2015,30.0,26.7,synthetic_proxy
Nuwara Eliya,Cabbage,Maha,2015,106.4,142.3,synthetic_proxy
Polonnaruwa,Cabbage,Maha,2015,35.4,33.5,synthetic_proxy
Puttalam,Cabbage,Maha,2015,59.9,60.4,synthetic_proxy
Ratnapura,Cabbage,Maha,2015,97.6,82.4,synthetic_proxy
Trincomalee,Cabbage,Maha,2015,31.0,37.3,synthetic_proxy
Vavuniya,Cabbage,Maha,2015,33.6,38.2,synthetic_proxy
Ampara,Cabbage,Yala,2015,74.5,77.2,synthetic_proxy
Anuradhapura,Cabbage,Yala,2015,69.0,57.8,synthetic_proxy
Badulla,Cabbage,Yala,2015,175.9,180.3,synthetic_proxy
Batticaloa,Cabbage,Yala,2015,32.7,28.3,synthetic_proxy
Colombo,Cabbage,Yala,2015,163.5,192.2,synthetic_proxy
Galle,Cabbage,Yala,2015,38.8,42.6,synthetic_proxy
Gampaha,Cabbage,Yala,2015,65.5,66.3,synthetic_proxy
Hambantota,Cabbage,Yala,2015,115.6,81.8,synthetic_proxy
Jaffna,Cabbage,Yala,2015,53.0,46.7,synthetic_proxy
Kalutara,Cabbage,Yala,2015,39.1,42.4,synthetic_proxy
Kandy,Cabbage,Yala,2015,82.2,94.1,synthetic_proxy
Kegalle,Cabbage,Yala,2015,42.4,48.1,synthetic_proxy
Kilinochchi,Cabbage,Yala,2015,30.7,24.8,synthetic_proxy
Kurunegala,Cabbage,Yala,2015,147.5,152.9,synthetic_proxy
Mannar,Cabbage,Yala,2015,36.8,41.3,synthetic_proxy
Matale,Cabbage,Yala,2015,97.4,78.0,synthetic_proxy
Matara,Cabbage,Yala,2015,56.1,56.0,synthetic_proxy
Monaragala,Cabbage,Yala,2015,66.9,69.1,synthetic_proxy
Mullaitivu,Cabbage,Yala,2015,31.7,30.5,synthetic_proxy
Nuwara Eliya,Cabbage,Yala,2015,112.2,87.3,synthetic_proxy
Polonnaruwa,Cabbage,Yala,2015,37.3,35.9,synthetic_proxy
Puttalam,Cabbage,Yala,2015,63.1,60.6,synthetic_proxy
Ratnapura,Cabbage,Yala,2015,102.9,101.1,synthetic_proxy
Trincomalee,Cabbage,Yala,2015,32.7,30.4,synthetic_proxy
Vavuniya,Cabbage,Yala,2015,35.5,33.6,synthetic_proxy
Ampara,Cabbage,Maha,2016,61.1,60.8,synthetic_proxy
Anuradhapura,Cabbage,Maha,2016,56.5,59.5,synthetic_proxy
Badulla,Cabbage,Maha,2016,144.1,138.8,synthetic_proxy
Batticaloa,Cabbage,Maha,2016,26.8,25.5,synthetic_proxy
Colombo,Cabbage,Maha,2016,133.9,135.4,synthetic_proxy
Galle,Cabbage,Maha,2016,31.8,24.5,synthetic_proxy
Gampaha,Cabbage,Maha,2016,53.7,56.7,synthetic_proxy
Hambantota,Cabbage,Maha,2016,94.7,94.7,synthetic_proxy
Jaffna,Cabbage,Maha,2016,43.4,43.6,synthetic_proxy
Kalutara,Cabbage,Maha,2016,32.1,35.8,synthetic_proxy
Kandy,Cabbage,Maha,2016,67.3,51.5,synthetic_proxy
Kegalle,Cabbage,Maha,2016,34.8,26.5,synthetic_proxy
Kilinochchi,Cabbage,Maha,2016,25.2,26.0,synthetic_proxy
Kurunegala,Cabbage,Maha,2016,120.9,120.8,synthetic_proxy
Mannar,Cabbage,Maha,2016,30.2,30.8,synthetic_proxy
Matale,Cabbage,Maha,2016,79.8,75.3,synthetic_proxy
Matara,Cabbage,Maha,2016,45.9,49.6,synthetic_proxy
Monaragala,Cabbage,Maha,2016,54.8,61.0,synthetic_proxy
Mullaitivu,Cabbage,Maha,2016,25.9,27.4,synthetic_proxy
Nuwara Eliya,Cabbage,Maha,2016,91.9,89.1,synthetic_proxy
Polonnaruwa,Cabbage,Maha,2016,30.6,22.9,synthetic_proxy
Puttalam,Cabbage,Maha,2016,51.7,56.5,synthetic_proxy
Ratnapura,Cabbage,Maha,2016,84.3,96.7,synthetic_proxy
Trincomalee,Cabbage,Maha,2016,26.8,28.8,synthetic_proxy
Vavuniya,Cabbage,Maha,2016,29.1,26.0,synthetic_proxy
Ampara,Cabbage,Yala,2016,55.9,60.4,synthetic_proxy
Anuradhapura,Cabbage,Yala,2016,51.7,57.0,synthetic_proxy
Badulla,Cabbage,Yala,2016,131.8,156.4,synthetic_proxy
Batticaloa,Cabbage,Yala,2016,24.5,21.9,synthetic_proxy
Colombo,Cabbage,Yala,2016,122.5,119.2,synthetic_proxy
Galle,Cabbage,Yala,2016,29.1,31.7,synthetic_proxy
Gampaha,Cabbage,Yala,2016,49.1,49.4,synthetic_proxy
Hambantota,Cabbage,Yala,2016,86.7,75.0,synthetic_proxy
Jaffna,Cabbage,Yala,2016,39.7,41.7,synthetic_proxy
Kalutara,Cabbage,Yala,2016,29.3,31.4,synthetic_proxy
Kandy,Cabbage,Yala,2016,61.6,62.2,synthetic_proxy
Kegalle,Cabbage,Yala,2016,31.8,32.6,synthetic_proxy
Kilinochchi,Cabbage,Yala,2016,23.0,22.3,synthetic_proxy
Kurunegala,Cabbage,Yala,2016,110.6,130.2,synthetic_proxy
Mannar,Cabbage,Yala,2016,27.6,24.6,synthetic_proxy
Matale,Cabbage,Yala,2016,73.0,67.8,synthetic_proxy
Matara,Cabbage,Yala,2016,42.0,42.1,synthetic_proxy
Monaragala,Cabbage,Yala,2016,50.1,55.4,synthetic_proxy
Mullaitivu,Cabbage,Yala,2016,23.7,19.5,synthetic_proxy
Nuwara Eliya,Cabbage,Yala,2016,84.1,70.9,synthetic_proxy
Polonnaruwa,Cabbage,Yala,2016,28.0,21.1,synthetic_proxy
Puttalam,Cabbage,Yala,2016,47.3,47.5,synthetic_proxy
Ratnapura,Cabbage,Yala,2016,77.1,66.8,synthetic_proxy
Trincomalee,Cabbage,Yala,2016,24.5,23.3,synthetic_proxy
Vavuniya,Cabbage,Yala,2016,26.6,28.7,synthetic_proxy
Ampara,Cabbage,Maha,2017,73.8,68.1,synthetic_proxy
Anuradhapura,Cabbage,Maha,2017,68.3,70.2,synthetic_proxy
Badulla,Cabbage,Maha,2017,174.1,167.9,synthetic_proxy
Batticaloa,Cabbage,Maha,2017,32.4,35.0,synthetic_proxy
Colombo,Cabbage,Maha,2017,161.9,171.1,synthetic_proxy
Galle,Cabbage,Maha,2017,38.4,35.2,synthetic_proxy
Gampaha,Cabbage,Maha,2017,64.9,63.6,synthetic_proxy
Hambantota,Cabbage,Maha,2017,114.5,128.8,synthetic_proxy
Jaffna,Cabbage,Maha,2017,52.5,55.0,synthetic_proxy
Kalutara,Cabbage,Maha,2017,38.8,32.3,synthetic_proxy
Kandy,Cabbage,Maha,2017,81.4,87.8,synthetic_proxy
Kegalle,Cabbage,Maha,2017,42.0,36.5,synthetic_proxy
Kilinochchi,Cabbage,Maha,2017,30.4,35.6,synthetic_proxy
Kurunegala,Cabbage,Maha,2017,146.1,164.1,synthetic_proxy
Mannar,Cabbage,Maha,2017,36.4,37.7,synthetic_proxy
Matale,Cabbage,Maha,2017,96.4,98.2,synthetic_proxy
Matara,Cabbage,Maha,2017,55.5,54.1,synthetic_proxy
Monaragala,Cabbage,Maha,2017,66.3,71.7,synthetic_proxy
Mullaitivu,Cabbage,Maha,2017,31.3,29.9,synthetic_proxy
Nuwara Eliya,Cabbage,Maha,2017,111.1,114.3,synthetic_proxy
Polonnaruwa,Cabbage,Maha,2017,37.0,40.8,synthetic_proxy
Puttalam,Cabbage,Maha,2017,62.5,58.3,synthetic_proxy
Ratnapura,Cabbage,Maha,2017,101.9,94.4,synthetic_proxy
Trincomalee,Cabbage,Maha,2017,32.3,27.7,synthetic_proxy
Vavuniya,Cabbage,Maha,2017,35.1,30.6,synthetic_proxy
Ampara,Cabbage,Yala,2017,70.0,54.6,synthetic_proxy
Anuradhapura,Cabbage,Yala,2017,64.8,70.4,synthetic_proxy
Badulla,Cabbage,Yala,2017,165.1,200.9,synthetic_proxy
Batticaloa,Cabbage,Yala,2017,30.7,36.0,synthetic_proxy
Colombo,Cabbage,Yala,2017,153.4,123.5,synthetic_proxy
Galle,Cabbage,Yala,2017,36.4,39.6,synthetic_proxy
Gampaha,Cabbage,Yala,2017,61.5,72.0,synthetic_proxy
Hambantota,Cabbage,Yala,2017,108.5,102.6,synthetic_proxy
Jaffna,Cabbage,Yala,2017,49.7,50.3,synthetic_proxy
Kalutara,Cabbage,Yala,2017,36.7,27.9,synthetic_proxy
Kandy,Cabbage,Yala,2017,77.1,79.6,synthetic_proxy
Kegalle,Cabbage,Yala,2017,39.8,34.7,synthetic_proxy
Kilinochchi,Cabbage,Yala,2017,28.8,29.5,synthetic_proxy
Kurunegala,Cabbage,Yala,2017,138.5,112.5,synthetic_proxy
Mannar,Cabbage,Yala,2017,34.5,36.8,synthetic_proxy
Matale,Cabbage,Yala,2017,91.4,102.6,synthetic_proxy
Matara,Cabbage,Yala,2017,52.6,47.7,synthetic_proxy
Monaragala,Cabbage,Yala,2017,62.8,54.2,synthetic_proxy
Mullaitivu,Cabbage,Yala,2017,29.7,22.0,synthetic_proxy
Nuwara Eliya,Cabbage,Yala,2017,105.3,102.0,synthetic_proxy
Polonnaruwa,Cabbage,Yala,2017,35.0,32.6,synthetic_proxy
Puttalam,Cabbage,Yala,2017,59.2,48.2,synthetic_proxy
Ratnapura,Cabbage,Yala,2017,96.6,101.8,synthetic_proxy
Trincomalee,Cabbage,Yala,2017,30.6,29.0,synthetic_proxy
Vavuniya,Cabbage,Yala,2017,33.3,29.0,synthetic_proxy
Ampara,Cabbage,Maha,2018,75.2,70.2,synthetic_proxy
Anuradhapura,Cabbage,Maha,2018,69.6,78.6,synthetic_proxy
Badulla,Cabbage,Maha,2018,177.5,190.3,synthetic_proxy
Batticaloa,Cabbage,Maha,2018,33.0,32.5,synthetic_proxy
Colombo,Cabbage,Maha,2018,165.0,177.3,synthetic_proxy
Galle,Cabbage,Maha,2018,39.2,33.7,synthetic_proxy
Gampaha,Cabbage,Maha,2018,66.1,66.4,synthetic_proxy
Hambantota,Cabbage,Maha,2018,116.7,118.8,synthetic_proxy
Jaffna,Cabbage,Maha,2018,53.5,50.5,synthetic_proxy
Kalutara,Cabbage,Maha,2018,39.5,41.6,synthetic_proxy
Kandy,Cabbage,Maha,2018,82.9,75.2,synthetic_proxy
Kegalle,Cabbage,Maha,2018,42.8,45.4,synthetic_proxy
Kilinochchi,Cabbage,Maha,2018,31.0,33.1,synthetic_proxy
Kurunegala,Cabbage,Maha,2018,148.9,96.8,synthetic_proxy
Mannar,Cabbage,Maha,2018,37.1,42.5,synthetic_proxy
Matale,Cabbage,Maha,2018,98.3,62.3,synthetic_proxy
Matara,Cabbage,Maha,2018,56.6,52.4,synthetic_proxy
Monaragala,Cabbage,Maha,2018,67.5,75.9,synthetic_proxy
Mullaitivu,Cabbage,Maha,2018,31.9,30.7,synthetic_proxy
Nuwara Eliya,Cabbage,Maha,2018,113.3,93.3,synthetic_proxy
Polonnaruwa,Cabbage,Maha,2018,37.7,32.7,synthetic_proxy
Puttalam,Cabbage,Maha,2018,63.7,71.5,synthetic_proxy
Ratnapura,Cabbage,Maha,2018,103.9,79.9,synthetic_proxy
Trincomalee,Cabbage,Maha,2018,33.0,37.4,synthetic_proxy
Vavuniya,Cabbage,Maha,2018,35.8,35.6,synthetic_proxy
Ampara,Cabbage,Yala,2018,68.8,59.0,synthetic_proxy
Anuradhapura,Cabbage,Yala,2018,63.7,59.2,synthetic_proxy
Badulla,Cabbage,Yala,2018,162.4,142.5,synthetic_proxy
Batticaloa,Cabbage,Yala,2018,30.2,33.4,synthetic_proxy
Colombo,Cabbage,Yala,2018,150.9,164.2,synthetic_proxy
Galle,Cabbage,Yala,2018,35.8,28.4,synthetic_proxy
Gampaha,Cabbage,Yala,2018,60.5,57.6,synthetic_proxy
Hambantota,Cabbage,Yala,2018,106.8,95.7,synthetic_proxy
Jaffna,Cabbage,Yala,2018,48.9,56.5,synthetic_proxy
Kalutara,Cabbage,Yala,2018,36.1,30.3,synthetic_proxy
Kandy,Cabbage,Yala,2018,75.9,90.5,synthetic_proxy
Kegalle,Cabbage,Yala,2018,39.2,39.0,synthetic_proxy
Kilinochchi,Cabbage,Yala,2018,28.4,24.4,synthetic_proxy
Kurunegala,Cabbage,Yala,2018,136.2,125.2,synthetic_proxy
Mannar,Cabbage,Yala,2018,34.0,30.7,synthetic_proxy
Matale,Cabbage,Yala,2018,89.9,76.1,synthetic_proxy
Matara,Cabbage,Yala,2018,51.8,52.4,synthetic_proxy
Monaragala,Cabbage,Yala,2018,61.8,52.7,synthetic_proxy
Mullaitivu,Cabbage,Yala,2018,29.2,21.6,synthetic_proxy
Nuwara Eliya,Cabbage,Yala,2018,103.6,98.9,synthetic_proxy
Polonnaruwa,Cabbage,Yala,2018,34.5,27.0,synthetic_proxy
Puttalam,Cabbage,Yala,2018,58.3,53.0,synthetic_proxy
Ratnapura,Cabbage,Yala,2018,95.0,84.7,synthetic_proxy
Trincomalee,Cabbage,Yala,2018,30.1,27.0,synthetic_proxy
Vavuniya,Cabbage,Yala,2018,32.7,40.6,synthetic_proxy
Ampara,Cabbage,Maha,2019,74.3,74.8,synthetic_proxy
Anuradhapura,Cabbage,Maha,2019,68.8,70.8,synthetic_proxy
Badulla,Cabbage,Maha,2019,175.2,137.9,synthetic_proxy
Batticaloa,Cabbage,Maha,2019,32.6,30.0,synthetic_proxy
Colombo,Cabbage,Maha,2019,162.9,167.1,synthetic_proxy
Galle,Cabbage,Maha,2019,38.7,33.9,synthetic_proxy
Gampaha,Cabbage,Maha,2019,65.3,72.4,synthetic_proxy
Hambantota,Cabbage,Maha,2019,115.2,98.6,synthetic_proxy
Jaffna,Cabbage,Maha,2019,52.8,51.0,synthetic_proxy
Kalutara,Cabbage,Maha,2019,39.0,36.3,synthetic_proxy
Kandy,Cabbage,Maha,2019,81.9,83.5,synthetic_proxy
Kegalle,Cabbage,Maha,2019,42.3,39.0,synthetic_proxy
Kilinochchi,Cabbage,Maha,2019,30.6,29.6,synthetic_proxy
Kurunegala,Cabbage,Maha,2019,147.0,142.9,synthetic_proxy
Mannar,Cabbage,Maha,2019,36.7,33.4,synthetic_proxy
Matale,Cabbage,Maha,2019,97.0,102.7,synthetic_proxy
Matara,Cabbage,Maha,2019,55.9,57.5,synthetic_proxy
Monaragala,Cabbage,Maha,2019,66.7,66.0,synthetic_proxy
Mullaitivu,Cabbage,Maha,2019,31.5,29.9,synthetic_proxy
Nuwara Eliya,Cabbage,Maha,2019,111.8,122.5,synthetic_proxy
Polonnaruwa,Cabbage,Maha,2019,37.2,36.2,synthetic_proxy
Puttalam,Cabbage,Maha,2019,62.9,60.6,synthetic_proxy
Ratnapura,Cabbage,Maha,2019,102.6,103.8,synthetic_proxy
Trincomalee,Cabbage,Maha,2019,32.5,39.2,synthetic_proxy
Vavuniya,Cabbage,Maha,2019,35.3,29.7,synthetic_proxy
Ampara,Cabbage,Yala,2019,82.3,89.9,synthetic_proxy
Anuradhapura,Cabbage,Yala,2019,76.2,58.9,synthetic_proxy
Badulla,Cabbage,Yala,2019,194.2,199.2,synthetic_proxy
Batticaloa,Cabbage,Yala,2019,36.1,43.0,synthetic_proxy
Colombo,Cabbage,Yala,2019,180.5,191.1,synthetic_proxy
Galle,Cabbage,Yala,2019,42.9,43.7,synthetic_proxy
Gampaha,Cabbage,Yala,2019,72.3,67.5,synthetic_proxy
Hambantota,Cabbage,Yala,2019,127.7,128.2,synthetic_proxy
Jaffna,Cabbage,Yala,2019,58.5,56.8,synthetic_proxy
Kalutara,Cabbage,Yala,2019,43.2,39.1,synthetic_proxy
Kandy,Cabbage,Yala,2019,90.7,87.6,synthetic_proxy
Kegalle,Cabbage,Yala,2019,46.8,48.0,synthetic_proxy
Kilinochchi,Cabbage,Yala,2019,33.9,30.8,synthetic_proxy
Kurunegala,Cabbage,Yala,2019,162.9,147.2,synthetic_proxy
Mannar,Cabbage,Yala,2019,40.6,34.0,synthetic_proxy
Matale,Cabbage,Yala,2019,107.5,112.5,synthetic_proxy
Matara,Cabbage,Yala,2019,61.9,66.0,synthetic_proxy
Monaragala,Cabbage,Yala,2019,73.9,75.9,synthetic_proxy
Mullaitivu,Cabbage,Yala,2019,34.9,39.0,synthetic_proxy
Nuwara Eliya,Cabbage,Yala,2019,123.9,125.2,synthetic_proxy
Polonnaruwa,Cabbage,Yala,2019,41.2,43.2,synthetic_proxy
Puttalam,Cabbage,Yala,2019,69.7,72.2,synthetic_proxy
Ratnapura,Cabbage,Yala,2019,113.6,112.4,synthetic_proxy
Trincomalee,Cabbage,Yala,2019,36.1,33.8,synthetic_proxy
Vavuniya,Cabbage,Yala,2019,39.2,49.6,synthetic_proxy
Ampara,Cabbage,Maha,2020,64.6,61.1,synthetic_proxy
Anuradhapura,Cabbage,Maha,2020,59.8,55.0,synthetic_proxy
Badulla,Cabbage,Maha,2020,152.5,160.4,synthetic_proxy
Batticaloa,Cabbage,Maha,2020,28.4,29.2,synthetic_proxy
Colombo,Cabbage,Maha,2020,141.7,117.8,synthetic_proxy
Galle,Cabbage,Maha,2020,33.6,38.2,synthetic_proxy
Gampaha,Cabbage,Maha,2020,56.8,56.2,synthetic_proxy
Hambantota,Cabbage,Maha,2020,100.2,86.9,synthetic_proxy
Jaffna,Cabbage,Maha,2020,45.9,52.5,synthetic_proxy
Kalutara,Cabbage,Maha,2020,33.9,36.5,synthetic_proxy
Kandy,Cabbage,Maha,2020,71.2,60.4,synthetic_proxy
Kegalle,Cabbage,Maha,2020,36.8,44.6,synthetic_proxy
Kilinochchi,Cabbage,Maha,2020,26.6,28.7,synthetic_proxy
Kurunegala,Cabbage,Maha,2020,127.9,127.8,synthetic_proxy
Mannar,Cabbage,Maha,2020,31.9,38.0,synthetic_proxy
Matale,Cabbage,Maha,2020,84.4,86.0,synthetic_proxy
Matara,Cabbage,Maha,2020,48.6,48.5,synthetic_proxy
Monaragala,Cabbage,Maha,2020,58.0,53.4,synthetic_proxy
Mullaitivu,Cabbage,Maha,2020,27.4,29.4,synthetic_proxy
Nuwara Eliya,Cabbage,Maha,2020,97.3,102.9,synthetic_proxy
Polonnaruwa,Cabbage,Maha,2020,32.4,32.4,synthetic_proxy
Puttalam,Cabbage,Maha,2020,54.7,49.5,synthetic_proxy
Ratnapura,Cabbage,Maha,2020,89.2,90.6,synthetic_proxy
Trincomalee,Cabbage,Maha,2020,28.3,28.1,synthetic_proxy
Vavuniya,Cabbage,Maha,2020,30.7,25.8,synthetic_proxy
Ampara,Cabbage,Yala,2020,70.4,58.0,synthetic_proxy
Anuradhapura,Cabbage,Yala,2020,65.2,69.6,synthetic_proxy
Badulla,Cabbage,Yala,2020,166.1,114.2,synthetic_proxy
Batticaloa,Cabbage,Yala,2020,30.9,31.7,synthetic_proxy
Colombo,Cabbage,Yala,2020,154.4,145.5,synthetic_proxy
Galle,Cabbage,Yala,2020,36.7,42.4,synthetic_proxy
Gampaha,Cabbage,Yala,2020,61.9,58.2,synthetic_proxy
Hambantota,Cabbage,Yala,2020,109.2,117.9,synthetic_proxy
Jaffna,Cabbage,Yala,2020,50.1,47.7,synthetic_proxy
Kalutara,Cabbage,Yala,2020,37.0,37.5,synthetic_proxy
Kandy,Cabbage,Yala,2020,77.6,84.5,synthetic_proxy
Kegalle,Cabbage,Yala,2020,40.1,37.8,synthetic_proxy
Kilinochchi,Cabbage,Yala,2020,29.0,32.5,synthetic_proxy
Kurunegala,Cabbage,Yala,2020,139.4,122.7,synthetic_proxy
Mannar,Cabbage,Yala,2020,34.8,36.0,synthetic_proxy
Matale,Cabbage,Yala,2020,92.0,102.1,synthetic_proxy
Matara,Cabbage,Yala,2020,53.0,57.2,synthetic_proxy
Monaragala,Cabbage,Yala,2020,63.2,77.7,synthetic_proxy
Mullaitivu,Cabbage,Yala,2020,29.9,27.2,synthetic_proxy
Nuwara Eliya,Cabbage,Yala,2020,106.0,88.4,synthetic_proxy
Polonnaruwa,Cabbage,Yala,2020,35.3,31.1,synthetic_proxy
Puttalam,Cabbage,Yala,2020,59.6,64.3,synthetic_proxy
Ratnapura,Cabbage,Yala,2020,97.2,103.0,synthetic_proxy
Trincomalee,Cabbage,Yala,2020,30.8,31.2,synthetic_proxy
Vavuniya,Cabbage,Yala,2020,33.5,29.0,synthetic_proxy
Ampara,Cabbage,Maha,2021,72.6,79.3,synthetic_proxy
Anuradhapura,Cabbage,Maha,2021,67.2,57.3,synthetic_proxy
Badulla,Cabbage,Maha,2021,171.2,195.0,synthetic_proxy
Batticaloa,Cabbage,Maha,2021,31.9,42.8,synthetic_proxy
Colombo,Cabbage,Maha,2021,159.2,166.2,synthetic_proxy
Galle,Cabbage,Maha,2021,37.8,40.4,synthetic_proxy
Gampaha,Cabbage,Maha,2021,63.8,60.0,synthetic_proxy
Hambantota,Cabbage,Maha,2021,112.6,88.1,synthetic_proxy
Jaffna,Cabbage,Maha,2021,51.6,47.9,synthetic_proxy
Kalutara,Cabbage,Maha,2021,38.1,33.1,synthetic_proxy
Kandy,Cabbage,Maha,2021,80.0,66.1,synthetic_proxy
Kegalle,Cabbage,Maha,2021,41.3,49.8,synthetic_proxy
Kilinochchi,Cabbage,Maha,2021,29.9,30.9,synthetic_proxy
Kurunegala,Cabbage,Maha,2021,143.7,150.2,synthetic_proxy
Mannar,Cabbage,Maha,2021,35.8,34.5,synthetic_proxy
Matale,Cabbage,Maha,2021,94.8,92.8,synthetic_proxy
Matara,Cabbage,Maha,2021,54.6,60.9,synthetic_proxy
Monaragala,Cabbage,Maha,2021,65.2,64.9,synthetic_proxy
Mullaitivu,Cabbage,Maha,2021,30.8,32.8,synthetic_proxy
Nuwara Eliya,Cabbage,Maha,2021,109.3,106.7,synthetic_proxy
Polonnaruwa,Cabbage,Maha,2021,36.4,34.9,synthetic_proxy
Puttalam,Cabbage,Maha,2021,61.4,51.1,synthetic_proxy
Ratnapura,Cabbage,Maha,2021,100.2,76.4,synthetic_proxy
Trincomalee,Cabbage,Maha,2021,31.8,30.8,synthetic_proxy
Vavuniya,Cabbage,Maha,2021,34.5,34.8,synthetic_proxy
Ampara,Cabbage,Yala,2021,102.3,86.5,synthetic_proxy
Anuradhapura,Cabbage,Yala,2021,94.6,94.3,synthetic_proxy
Badulla,Cabbage,Yala,2021,241.2,242.8,synthetic_proxy
Batticaloa,Cabbage,Yala,2021,44.9,33.3,synthetic_proxy
Colombo,Cabbage,Yala,2021,224.3,199.6,synthetic_proxy
Galle,Cabbage,Yala,2021,53.2,55.8,synthetic_proxy
Gampaha,Cabbage,Yala,2021,89.9,94.0,synthetic_proxy
Hambantota,Cabbage,Yala,2021,158.6,136.7,synthetic_proxy
Jaffna,Cabbage,Yala,2021,72.7,74.1,synthetic_proxy
Kalutara,Cabbage,Yala,2021,53.7,60.3,synthetic_proxy
Kandy,Cabbage,Yala,2021,112.7,123.2,synthetic_proxy
Kegalle,Cabbage,Yala,2021,58.2,57.5,synthetic_proxy
Kilinochchi,Cabbage,Yala,2021,42.1,39.8,synthetic_proxy
Kurunegala,Cabbage,Yala,2021,202.4,187.1,synthetic_proxy
Mannar,Cabbage,Yala,2021,50.5,53.3,synthetic_proxy
Matale,Cabbage,Yala,2021,133.6,136.7,synthetic_proxy
Matara,Cabbage,Yala,2021,76.9,82.7,synthetic_proxy
Monaragala,Cabbage,Yala,2021,91.8,93.3,synthetic_proxy
Mullaitivu,Cabbage,Yala,2021,43.4,47.7,synthetic_proxy
Nuwara Eliya,Cabbage,Yala,2021,153.9,155.7,synthetic_proxy
Polonnaruwa,Cabbage,Yala,2021,51.2,56.0,synthetic_proxy
Puttalam,Cabbage,Yala,2021,86.6,95.6,synthetic_proxy
Ratnapura,Cabbage,Yala,2021,141.2,127.6,synthetic_proxy
Trincomalee,Cabbage,Yala,2021,44.8,35.1,synthetic_proxy
Vavuniya,Cabbage,Yala,2021,48.7,57.7,synthetic_proxy
Ampara,Cabbage,Maha,2022,83.9,86.5,synthetic_proxy
Anuradhapura,Cabbage,Maha,2022,77.7,61.7,synthetic_proxy
Badulla,Cabbage,Maha,2022,198.0,181.0,synthetic_proxy
Batticaloa,Cabbage,Maha,2022,36.8,40.3,synthetic_proxy
Colombo,Cabbage,Maha,2022,184.1,177.9,synthetic_proxy
Galle,Cabbage,Maha,2022,43.7,41.0,synthetic_proxy
Gampaha,Cabbage,Maha,2022,73.8,86.2,synthetic_proxy
Hambantota,Cabbage,Maha,2022,130.2,113.8,synthetic_proxy
Jaffna,Cabbage,Maha,2022,59.7,54.0,synthetic_proxy
Kalutara,Cabbage,Maha,2022,44.1,45.2,synthetic_proxy
Kandy,Cabbage,Maha,2022,92.5,96.9,synthetic_proxy
Kegalle,Cabbage,Maha,2022,47.8,50.6,synthetic_proxy
Kilinochchi,Cabbage,Maha,2022,34.6,38.4,synthetic_proxy
Kurunegala,Cabbage,Maha,2022,166.1,170.1,synthetic_proxy
Mannar,Cabbage,Maha,2022,41.4,43.9,synthetic_proxy
Matale,Cabbage,Maha,2022,109.6,106.2,synthetic_proxy
Matara,Cabbage,Maha,2022,63.1,63.6,synthetic_proxy
Monaragala,Cabbage,Maha,2022,75.3,76.3,synthetic_proxy
Mullaitivu,Cabbage,Maha,2022,35.6,36.6,synthetic_proxy
Nuwara Eliya,Cabbage,Maha,2022,126.3,138.1,synthetic_proxy
Polonnaruwa,Cabbage,Maha,2022,42.0,44.8,synthetic_proxy
Puttalam,Cabbage,Maha,2022,71.0,71.4,synthetic_proxy
Ratnapura,Cabbage,Maha,2022,115.9,104.6,synthetic_proxy
Trincomalee,Cabbage,Maha,2022,36.8,37.1,synthetic_proxy
Vavuniya,Cabbage,Maha,2022,39.9,39.8,synthetic_proxy
Ampara,Cabbage,Yala,2022,98.6,100.8,synthetic_proxy
Anuradhapura,Cabbage,Yala,2022,91.2,115.4,synthetic_proxy
Badulla,Cabbage,Yala,2022,232.5,217.9,synthetic_proxy
Batticaloa,Cabbage,Yala,2022,43.3,45.5,synthetic_proxy
Colombo,Cabbage,Yala,2022,216.1,243.9,synthetic_proxy
Galle,Cabbage,Yala,2022,51.3,51.9,synthetic_proxy
Gampaha,Cabbage,Yala,2022,86.6,110.9,synthetic_proxy
Hambantota,Cabbage,Yala,2022,152.9,145.9,synthetic_proxy
Jaffna,Cabbage,Yala,2022,70.1,72.8,synthetic_proxy
Kalutara,Cabbage,Yala,2022,51.8,46.8,synthetic_proxy
Kandy,Cabbage,Yala,2022,108.6,104.1,synthetic_proxy
Kegalle,Cabbage,Yala,2022,56.1,57.8,synthetic_proxy
Kilinochchi,Cabbage,Yala,2022,40.6,44.7,synthetic_proxy
Kurunegala,Cabbage,Yala,2022,195.1,202.6,synthetic_proxy
Mannar,Cabbage,Yala,2022,48.7,56.0,synthetic_proxy
Matale,Cabbage,Yala,2022,128.7,127.3,synthetic_proxy
Matara,Cabbage,Yala,2022,74.1,71.2,synthetic_proxy
Monaragala,Cabbage,Yala,2022,88.5,117.2,synthetic_proxy
Mullaitivu,Cabbage,Yala,2022,41.8,43.8,synthetic_proxy
Nuwara Eliya,Cabbage,Yala,2022,148.4,135.6,synthetic_proxy
Polonnaruwa,Cabbage,Yala,2022,49.4,45.3,synthetic_proxy
Puttalam,Cabbage,Yala,2022,83.4,74.0,synthetic_proxy
Ratnapura,Cabbage,Yala,2022,136.1,151.4,synthetic_proxy
Trincomalee,Cabbage,Yala,2022,43.2,41.3,synthetic_proxy
Vavuniya,Cabbage,Yala,2022,46.9,47.6,synthetic_proxy
Ampara,Cabbage,Maha,2023,125.3,124.3,synthetic_proxy
Anuradhapura,Cabbage,Maha,2023,115.9,126.1,synthetic_proxy
Badulla,Cabbage,Maha,2023,295.5,265.5,synthetic_proxy
Batticaloa,Cabbage,Maha,2023,55.0,47.9,synthetic_proxy
Colombo,Cabbage,Maha,2023,274.7,282.1,synthetic_proxy
Galle,Cabbage,Maha,2023,65.2,69.9,synthetic_proxy
Gampaha,Cabbage,Maha,2023,110.1,114.5,synthetic_proxy
Hambantota,Cabbage,Maha,2023,194.3,175.4,synthetic_proxy
Jaffna,Cabbage,Maha,2023,89.1,96.3,synthetic_proxy
Kalutara,Cabbage,Maha,2023,65.8,59.9,synthetic_proxy
Kandy,Cabbage,Maha,2023,138.1,129.5,synthetic_proxy
Kegalle,Cabbage,Maha,2023,71.3,63.2,synthetic_proxy
Kilinochchi,Cabbage,Maha,2023,51.6,59.7,synthetic_proxy
Kurunegala,Cabbage,Maha,2023,248.0,266.8,synthetic_proxy
Mannar,Cabbage,Maha,2023,61.9,66.3,synthetic_proxy
Matale,Cabbage,Maha,2023,163.6,188.1,synthetic_proxy
Matara,Cabbage,Maha,2023,94.2,126.0,synthetic_proxy
Monaragala,Cabbage,Maha,2023,112.5,89.4,synthetic_proxy
Mullaitivu,Cabbage,Maha,2023,53.2,48.5,synthetic_proxy
Nuwara Eliya,Cabbage,Maha,2023,188.6,174.6,synthetic_proxy
Polonnaruwa,Cabbage,Maha,2023,62.8,56.3,synthetic_proxy
Puttalam,Cabbage,Maha,2023,106.0,92.3,synthetic_proxy
Ratnapura,Cabbage,Maha,2023,173.0,166.7,synthetic_proxy
Trincomalee,Cabbage,Maha,2023,54.9,46.9,synthetic_proxy
Vavuniya,Cabbage,Maha,2023,59.6,62.0,synthetic_proxy
Ampara,Cabbage,Yala,2023,163.0,164.0,synthetic_proxy
Anuradhapura,Cabbage,Yala,2023,150.8,159.5,synthetic_proxy
Badulla,Cabbage,Yala,2023,384.5,407.9,synthetic_proxy
Batticaloa,Cabbage,Yala,2023,71.5,76.7,synthetic_proxy
Colombo,Cabbage,Yala,2023,357.4,341.4,synthetic_proxy
Galle,Cabbage,Yala,2023,84.9,106.5,synthetic_proxy
Gampaha,Cabbage,Yala,2023,143.2,147.3,synthetic_proxy
Hambantota,Cabbage,Yala,2023,252.8,196.3,synthetic_proxy
Jaffna,Cabbage,Yala,2023,115.9,101.9,synthetic_proxy
Kalutara,Cabbage,Yala,2023,85.6,67.7,synthetic_proxy
Kandy,Cabbage,Yala,2023,179.7,180.0,synthetic_proxy
Kegalle,Cabbage,Yala,2023,92.8,91.4,synthetic_proxy
Kilinochchi,Cabbage,Yala,2023,67.2,63.4,synthetic_proxy
Kurunegala,Cabbage,Yala,2023,322.6,400.4,synthetic_proxy
Mannar,Cabbage,Yala,2023,80.5,85.8,synthetic_proxy
Matale,Cabbage,Yala,2023,212.9,231.4,synthetic_proxy
Matara,Cabbage,Yala,2023,122.6,108.9,synthetic_proxy
Monaragala,Cabbage,Yala,2023,146.3,128.8,synthetic_proxy
Mullaitivu,Cabbage,Yala,2023,69.2,69.5,synthetic_proxy
Nuwara Eliya,Cabbage,Yala,2023,245.3,250.4,synthetic_proxy
Polonnaruwa,Cabbage,Yala,2023,81.6,63.4,synthetic_proxy
Puttalam,Cabbage,Yala,2023,138.0,135.0,synthetic_proxy
Ratnapura,Cabbage,Yala,2023,225.0,225.4,synthetic_proxy
Trincomalee,Cabbage,Yala,2023,71.4,69.6,synthetic_proxy
Vavuniya,Cabbage,Yala,2023,77.5,70.0,synthetic_proxy
Ampara,Cabbage,Maha,2024,111.3,104.1,synthetic_proxy
Anuradhapura,Cabbage,Maha,2024,103.1,100.9,synthetic_proxy
Badulla,Cabbage,Maha,2024,262.7,265.5,synthetic_proxy
Batticaloa,Cabbage,Maha,2024,48.9,52.4,synthetic_proxy
Colombo,Cabbage,Maha,2024,244.2,275.9,synthetic_proxy
Galle,Cabbage,Maha,2024,58.0,55.9,synthetic_proxy
Gampaha,Cabbage,Maha,2024,97.9,92.5,synthetic_proxy
Hambantota,Cabbage,Maha,2024,172.7,181.8,synthetic_proxy
Jaffna,Cabbage,Maha,2024,79.2,85.0,synthetic_proxy
Kalutara,Cabbage,Maha,2024,58.5,55.4,synthetic_proxy
Kandy,Cabbage,Maha,2024,122.7,134.4,synthetic_proxy
Kegalle,Cabbage,Maha,2024,63.4,70.8,synthetic_proxy
Kilinochchi,Cabbage,Maha,2024,45.9,53.0,synthetic_proxy
Kurunegala,Cabbage,Maha,2024,220.4,267.4,synthetic_proxy
Mannar,Cabbage,Maha,2024,55.0,49.3,synthetic_proxy
Matale,Cabbage,Maha,2024,145.4,145.7,synthetic_proxy
Matara,Cabbage,Maha,2024,83.8,83.9,synthetic_proxy
Monaragala,Cabbage,Maha,2024,100.0,98.8,synthetic_proxy
Mullaitivu,Cabbage,Maha,2024,47.3,43.6,synthetic_proxy
Nuwara Eliya,Cabbage,Maha,2024,167.6,137.7,synthetic_proxy
Polonnaruwa,Cabbage,Maha,2024,55.8,56.4,synthetic_proxy
Puttalam,Cabbage,Maha,2024,94.3,85.6,synthetic_proxy
Ratnapura,Cabbage,Maha,2024,153.7,155.3,synthetic_proxy
Trincomalee,Cabbage,Maha,2024,48.8,44.1,synthetic_proxy
Vavuniya,Cabbage,Maha,2024,53.0,46.0,synthetic_proxy
Ampara,Cabbage,Yala,2024,118.5,121.9,synthetic_proxy
Anuradhapura,Cabbage,Yala,2024,109.7,111.7,synthetic_proxy
Badulla,Cabbage,Yala,2024,279.6,299.1,synthetic_proxy
Batticaloa,Cabbage,Yala,2024,52.0,65.7,synthetic_proxy
Colombo,Cabbage,Yala,2024,260.0,268.6,synthetic_proxy
Galle,Cabbage,Yala,2024,61.7,65.3,synthetic_proxy
Gampaha,Cabbage,Yala,2024,104.2,90.7,synthetic_proxy
Hambantota,Cabbage,Yala,2024,183.9,155.5,synthetic_proxy
Jaffna,Cabbage,Yala,2024,84.3,100.3,synthetic_proxy
Kalutara,Cabbage,Yala,2024,62.2,55.4,synthetic_proxy
Kandy,Cabbage,Yala,2024,130.7,114.3,synthetic_proxy
Kegalle,Cabbage,Yala,2024,67.5,67.1,synthetic_proxy
Kilinochchi,Cabbage,Yala,2024,48.8,48.3,synthetic_proxy
Kurunegala,Cabbage,Yala,2024,234.6,209.2,synthetic_proxy
Mannar,Cabbage,Yala,2024,58.5,56.4,synthetic_proxy
Matale,Cabbage,Yala,2024,154.8,177.7,synthetic_proxy
Matara,Cabbage,Yala,2024,89.2,80.5,synthetic_proxy
Monaragala,Cabbage,Yala,2024,106.4,88.6,synthetic_proxy
Mullaitivu,Cabbage,Yala,2024,50.3,56.0,synthetic_proxy
Nuwara Eliya,Cabbage,Yala,2024,178.4,189.0,synthetic_proxy
Polonnaruwa,Cabbage,Yala,2024,59.4,55.0,synthetic_proxy
Puttalam,Cabbage,Yala,2024,100.3,81.3,synthetic_proxy
Ratnapura,Cabbage,Yala,2024,163.7,149.0,synthetic_proxy
Trincomalee,Cabbage,Yala,2024,51.9,51.6,synthetic_proxy
Vavuniya,Cabbage,Yala,2024,56.4,64.3,synthetic_proxy
Ampara,Cabbage,Maha,2025,119.9,105.0,synthetic_proxy
Anuradhapura,Cabbage,Maha,2025,111.0,109.9,synthetic_proxy
Badulla,Cabbage,Maha,2025,282.9,305.8,synthetic_proxy
Batticaloa,Cabbage,Maha,2025,52.6,37.6,synthetic_proxy
Colombo,Cabbage,Maha,2025,263.0,295.6,synthetic_proxy
Galle,Cabbage,Maha,2025,62.4,53.6,synthetic_proxy
Gampaha,Cabbage,Maha,2025,105.4,109.6,synthetic_proxy
Hambantota,Cabbage,Maha,2025,186.0,191.5,synthetic_proxy
Jaffna,Cabbage,Maha,2025,85.3,96.4,synthetic_proxy
Kalutara,Cabbage,Maha,2025,63.0,67.1,synthetic_proxy
Kandy,Cabbage,Maha,2025,132.2,94.5,synthetic_proxy
Kegalle,Cabbage,Maha,2025,68.2,61.8,synthetic_proxy
Kilinochchi,Cabbage,Maha,2025,49.4,50.2,synthetic_proxy
Kurunegala,Cabbage,Maha,2025,237.4,231.8,synthetic_proxy
Mannar,Cabbage,Maha,2025,59.2,62.6,synthetic_proxy
Matale,Cabbage,Maha,2025,156.6,171.5,synthetic_proxy
Matara,Cabbage,Maha,2025,90.2,96.8,synthetic_proxy
Monaragala,Cabbage,Maha,2025,107.6,104.9,synthetic_proxy
Mullaitivu,Cabbage,Maha,2025,50.9,39.6,synthetic_proxy
Nuwara Eliya,Cabbage,Maha,2025,180.5,170.7,synthetic_proxy
Polonnaruwa,Cabbage,Maha,2025,60.1,63.1,synthetic_proxy
Puttalam,Cabbage,Maha,2025,101.5,88.2,synthetic_proxy
Ratnapura,Cabbage,Maha,2025,165.6,178.1,synthetic_proxy
Trincomalee,Cabbage,Maha,2025,52.5,58.3,synthetic_proxy
Vavuniya,Cabbage,Maha,2025,57.1,57.9,synthetic_proxy
Ampara,Cabbage,Yala,2025,115.0,72.7,synthetic_proxy
Anuradhapura,Cabbage,Yala,2025,106.4,90.1,synthetic_proxy
Badulla,Cabbage,Yala,2025,271.2,332.6,synthetic_proxy
Batticaloa,Cabbage,Yala,2025,50.5,47.2,synthetic_proxy
Colombo,Cabbage,Yala,2025,252.1,192.1,synthetic_proxy
Galle,Cabbage,Yala,2025,59.9,68.7,synthetic_proxy
Gampaha,Cabbage,Yala,2025,101.0,101.2,synthetic_proxy
Hambantota,Cabbage,Yala,2025,178.3,202.0,synthetic_proxy
Jaffna,Cabbage,Yala,2025,81.7,84.4,synthetic_proxy
Kalutara,Cabbage,Yala,2025,60.4,63.7,synthetic_proxy
Kandy,Cabbage,Yala,2025,126.7,132.2,synthetic_proxy
Kegalle,Cabbage,Yala,2025,65.4,70.9,synthetic_proxy
Kilinochchi,Cabbage,Yala,2025,47.4,60.3,synthetic_proxy
Kurunegala,Cabbage,Yala,2025,227.5,254.1,synthetic_proxy
Mannar,Cabbage,Yala,2025,56.8,46.0,synthetic_proxy
Matale,Cabbage,Yala,2025,150.1,158.2,synthetic_proxy
Matara,Cabbage,Yala,2025,86.5,98.3,synthetic_proxy
Monaragala,Cabbage,Yala,2025,103.2,118.1,synthetic_proxy
Mullaitivu,Cabbage,Yala,2025,48.8,46.3,synthetic_proxy
Nuwara Eliya,Cabbage,Yala,2025,173.1,197.3,synthetic_proxy
Polonnaruwa,Cabbage,Yala,2025,57.6,64.0,synthetic_proxy
Puttalam,Cabbage,Yala,2025,97.3,127.4,synthetic_proxy
Ratnapura,Cabbage,Yala,2025,158.7,144.4,synthetic_proxy
Trincomalee,Cabbage,Yala,2025,50.4,47.3,synthetic_proxy
Vavuniya,Cabbage,Yala,2025,54.7,52.7,synthetic_proxy
Ampara,Big Onion (Local),Maha,2014,196.1,184.6,synthetic_proxy
Anuradhapura,Big Onion (Local),Maha,2014,159.5,142.5,synthetic_proxy
Badulla,Big Onion (Local),Maha,2014,357.0,238.6,synthetic_proxy
Batticaloa,Big Onion (Local),Maha,2014,96.8,91.7,synthetic_proxy
Colombo,Big Onion (Local),Maha,2014,636.8,665.0,synthetic_proxy
Galle,Big Onion (Local),Maha,2014,17.0,16.0,synthetic_proxy
Gampaha,Big Onion (Local),Maha,2014,222.3,273.9,synthetic_proxy
Hambantota,Big Onion (Local),Maha,2014,153.0,153.2,synthetic_proxy
Jaffna,Big Onion (Local),Maha,2014,39.2,45.3,synthetic_proxy
Kalutara,Big Onion (Local),Maha,2014,68.0,70.1,synthetic_proxy
Kandy,Big Onion (Local),Maha,2014,244.5,268.8,synthetic_proxy
Kegalle,Big Onion (Local),Maha,2014,35.3,36.5,synthetic_proxy
Kilinochchi,Big Onion (Local),Maha,2014,26.2,30.4,synthetic_proxy
Kurunegala,Big Onion (Local),Maha,2014,414.5,417.3,synthetic_proxy
Mannar,Big Onion (Local),Maha,2014,9.2,9.7,synthetic_proxy
Matale,Big Onion (Local),Maha,2014,397.5,415.0,synthetic_proxy
Matara,Big Onion (Local),Maha,2014,116.4,112.4,synthetic_proxy
Monaragala,Big Onion (Local),Maha,2014,81.1,85.0,synthetic_proxy
Mullaitivu,Big Onion (Local),Maha,2014,74.5,94.5,synthetic_proxy
Nuwara Eliya,Big Onion (Local),Maha,2014,193.5,187.2,synthetic_proxy
Polonnaruwa,Big Onion (Local),Maha,2014,73.2,76.9,synthetic_proxy
Puttalam,Big Onion (Local),Maha,2014,111.1,127.9,synthetic_proxy
Ratnapura,Big Onion (Local),Maha,2014,190.9,217.0,synthetic_proxy
Trincomalee,Big Onion (Local),Maha,2014,2.6,2.6,synthetic_proxy
Vavuniya,Big Onion (Local),Maha,2014,83.7,59.8,synthetic_proxy
Ampara,Big Onion (Local),Maha,2015,147.5,156.7,synthetic_proxy
Anuradhapura,Big Onion (Local),Maha,2015,120.0,88.0,synthetic_proxy
Badulla,Big Onion (Local),Maha,2015,268.5,315.9,synthetic_proxy
Batticaloa,Big Onion (Local),Maha,2015,72.8,74.3,synthetic_proxy
Colombo,Big Onion (Local),Maha,2015,479.0,536.5,synthetic_proxy
Galle,Big Onion (Local),Maha,2015,12.8,11.4,synthetic_proxy
Gampaha,Big Onion (Local),Maha,2015,167.2,136.1,synthetic_proxy
Hambantota,Big Onion (Local),Maha,2015,115.1,118.7,synthetic_proxy
Jaffna,Big Onion (Local),Maha,2015,29.5,29.4,synthetic_proxy
Kalutara,Big Onion (Local),Maha,2015,51.1,48.1,synthetic_proxy
Kandy,Big Onion (Local),Maha,2015,183.9,185.8,synthetic_proxy
Kegalle,Big Onion (Local),Maha,2015,26.6,35.4,synthetic_proxy
Kilinochchi,Big Onion (Local),Maha,2015,19.7,21.6,synthetic_proxy
Kurunegala,Big Onion (Local),Maha,2015,311.8,351.1,synthetic_proxy
Mannar,Big Onion (Local),Maha,2015,6.9,7.6,synthetic_proxy
Matale,Big Onion (Local),Maha,2015,299.0,352.1,synthetic_proxy
Matara,Big Onion (Local),Maha,2015,87.5,85.5,synthetic_proxy
Monaragala,Big Onion (Local),Maha,2015,61.0,45.9,synthetic_proxy
Mullaitivu,Big Onion (Local),Maha,2015,56.1,54.8,synthetic_proxy
Nuwara Eliya,Big Onion (Local),Maha,2015,145.6,159.8,synthetic_proxy
Polonnaruwa,Big Onion (Local),Maha,2015,55.1,48.7,synthetic_proxy
Puttalam,Big Onion (Local),Maha,2015,83.6,81.8,synthetic_proxy
Ratnapura,Big Onion (Local),Maha,2015,143.6,131.7,synthetic_proxy
Trincomalee,Big Onion (Local),Maha,2015,2.0,2.3,synthetic_proxy
Vavuniya,Big Onion (Local),Maha,2015,63.0,68.6,synthetic_proxy
Ampara,Big Onion (Local),Yala,2015,172.1,185.5,synthetic_proxy
Anuradhapura,Big Onion (Local),Yala,2015,140.0,150.4,synthetic_proxy
Badulla,Big Onion (Local),Yala,2015,313.2,311.8,synthetic_proxy
Batticaloa,Big Onion (Local),Yala,2015,84.9,86.9,synthetic_proxy
Colombo,Big Onion (Local),Yala,2015,558.7,479.2,synthetic_proxy
Galle,Big Onion (Local),Yala,2015,14.9,11.0,synthetic_proxy
Gampaha,Big Onion (Local),Yala,2015,195.0,198.5,synthetic_proxy
Hambantota,Big Onion (Local),Yala,2015,134.2,139.4,synthetic_proxy
Jaffna,Big Onion (Local),Yala,2015,34.4,39.4,synthetic_proxy
Kalutara,Big Onion (Local),Yala,2015,59.7,70.9,synthetic_proxy
Kandy,Big Onion (Local),Yala,2015,214.5,254.9,synthetic_proxy
Kegalle,Big Onion (Local),Yala,2015,31.0,27.3,synthetic_proxy
Kilinochchi,Big Onion (Local),Yala,2015,22.9,22.0,synthetic_proxy
Kurunegala,Big Onion (Local),Yala,2015,363.7,384.6,synthetic_proxy
Mannar,Big Onion (Local),Yala,2015,8.0,10.5,synthetic_proxy
Matale,Big Onion (Local),Yala,2015,348.7,410.7,synthetic_proxy
Matara,Big Onion (Local),Yala,2015,102.1,115.8,synthetic_proxy
Monaragala,Big Onion (Local),Yala,2015,71.1,67.8,synthetic_proxy
Mullaitivu,Big Onion (Local),Yala,2015,65.4,58.5,synthetic_proxy
Nuwara Eliya,Big Onion (Local),Yala,2015,169.8,185.9,synthetic_proxy
Polonnaruwa,Big Onion (Local),Yala,2015,64.2,55.8,synthetic_proxy
Puttalam,Big Onion (Local),Yala,2015,97.5,94.7,synthetic_proxy
Ratnapura,Big Onion (Local),Yala,2015,167.5,165.2,synthetic_proxy
Trincomalee,Big Onion (Local),Yala,2015,2.3,2.7,synthetic_proxy
Vavuniya,Big Onion (Local),Yala,2015,73.4,70.3,synthetic_proxy
Ampara,Big Onion (Local),Maha,2016,203.6,144.0,synthetic_proxy
Anuradhapura,Big Onion (Local),Maha,2016,165.6,175.6,synthetic_proxy
Badulla,Big Onion (Local),Maha,2016,370.6,339.5,synthetic_proxy
Batticaloa,Big Onion (Local),Maha,2016,100.5,101.0,synthetic_proxy
Colombo,Big Onion (Local),Maha,2016,661.1,654.2,synthetic_proxy
Galle,Big Onion (Local),Maha,2016,17.6,17.1,synthetic_proxy
Gampaha,Big Onion (Local),Maha,2016,230.8,252.7,synthetic_proxy
Hambantota,Big Onion (Local),Maha,2016,158.8,129.6,synthetic_proxy
Jaffna,Big Onion (Local),Maha,2016,40.7,38.2,synthetic_proxy
Kalutara,Big Onion (Local),Maha,2016,70.6,76.4,synthetic_proxy
Kandy,Big Onion (Local),Maha,2016,253.9,235.2,synthetic_proxy
Kegalle,Big Onion (Local),Maha,2016,36.7,29.6,synthetic_proxy
Kilinochchi,Big Onion (Local),Maha,2016,27.2,29.3,synthetic_proxy
Kurunegala,Big Onion (Local),Maha,2016,430.3,488.3,synthetic_proxy
Mannar,Big Onion (Local),Maha,2016,9.5,9.5,synthetic_proxy
Matale,Big Onion (Local),Maha,2016,412.7,315.6,synthetic_proxy
Matara,Big Onion (Local),Maha,2016,120.8,131.1,synthetic_proxy
Monaragala,Big Onion (Local),Maha,2016,84.2,67.4,synthetic_proxy
Mullaitivu,Big Onion (Local),Maha,2016,77.4,80.2,synthetic_proxy
Nuwara Eliya,Big Onion (Local),Maha,2016,200.9,179.5,synthetic_proxy
Polonnaruwa,Big Onion (Local),Maha,2016,76.0,65.4,synthetic_proxy
Puttalam,Big Onion (Local),Maha,2016,115.4,109.3,synthetic_proxy
Ratnapura,Big Onion (Local),Maha,2016,198.2,193.8,synthetic_proxy
Trincomalee,Big Onion (Local),Maha,2016,2.7,2.5,synthetic_proxy
Vavuniya,Big Onion (Local),Maha,2016,86.9,93.0,synthetic_proxy
Ampara,Big Onion (Local),Yala,2016,227.0,214.9,synthetic_proxy
Anuradhapura,Big Onion (Local),Yala,2016,184.7,206.4,synthetic_proxy
Badulla,Big Onion (Local),Yala,2016,413.2,427.2,synthetic_proxy
Batticaloa,Big Onion (Local),Yala,2016,112.0,102.6,synthetic_proxy
Colombo,Big Onion (Local),Yala,2016,737.1,660.5,synthetic_proxy
Galle,Big Onion (Local),Yala,2016,19.7,15.8,synthetic_proxy
Gampaha,Big Onion (Local),Yala,2016,257.3,266.3,synthetic_proxy
Hambantota,Big Onion (Local),Yala,2016,177.1,169.6,synthetic_proxy
Jaffna,Big Onion (Local),Yala,2016,45.4,32.5,synthetic_proxy
Kalutara,Big Onion (Local),Yala,2016,78.7,73.6,synthetic_proxy
Kandy,Big Onion (Local),Yala,2016,283.0,252.4,synthetic_proxy
Kegalle,Big Onion (Local),Yala,2016,40.9,48.6,synthetic_proxy
Kilinochchi,Big Onion (Local),Yala,2016,30.3,24.1,synthetic_proxy
Kurunegala,Big Onion (Local),Yala,2016,479.8,396.8,synthetic_proxy
Mannar,Big Onion (Local),Yala,2016,10.6,12.0,synthetic_proxy
Matale,Big Onion (Local),Yala,2016,460.1,535.0,synthetic_proxy
Matara,Big Onion (Local),Yala,2016,134.7,122.7,synthetic_proxy
Monaragala,Big Onion (Local),Yala,2016,93.8,86.7,synthetic_proxy
Mullaitivu,Big Onion (Local),Yala,2016,86.3,92.7,synthetic_proxy
Nuwara Eliya,Big Onion (Local),Yala,2016,224.0,161.5,synthetic_proxy
Polonnaruwa,Big Onion (Local),Yala,2016,84.8,65.8,synthetic_proxy
Puttalam,Big Onion (Local),Yala,2016,128.7,124.3,synthetic_proxy
Ratnapura,Big Onion (Local),Yala,2016,221.0,262.1,synthetic_proxy
Trincomalee,Big Onion (Local),Yala,2016,3.0,2.9,synthetic_proxy
Vavuniya,Big Onion (Local),Yala,2016,96.9,98.0,synthetic_proxy
Ampara,Big Onion (Local),Maha,2017,144.0,163.6,synthetic_proxy
Anuradhapura,Big Onion (Local),Maha,2017,117.1,146.7,synthetic_proxy
Badulla,Big Onion (Local),Maha,2017,262.1,244.0,synthetic_proxy
Batticaloa,Big Onion (Local),Maha,2017,71.0,70.9,synthetic_proxy
Colombo,Big Onion (Local),Maha,2017,467.6,569.8,synthetic_proxy
Galle,Big Onion (Local),Maha,2017,12.5,10.2,synthetic_proxy
Gampaha,Big Onion (Local),Maha,2017,163.2,183.3,synthetic_proxy
Hambantota,Big Onion (Local),Maha,2017,112.3,98.6,synthetic_proxy
Jaffna,Big Onion (Local),Maha,2017,28.8,29.2,synthetic_proxy
Kalutara,Big Onion (Local),Maha,2017,49.9,48.5,synthetic_proxy
Kandy,Big Onion (Local),Maha,2017,179.5,158.9,synthetic_proxy
Kegalle,Big Onion (Local),Maha,2017,25.9,22.9,synthetic_proxy
Kilinochchi,Big Onion (Local),Maha,2017,19.2,19.8,synthetic_proxy
Kurunegala,Big Onion (Local),Maha,2017,304.3,340.7,synthetic_proxy
Mannar,Big Onion (Local),Maha,2017,6.7,6.6,synthetic_proxy
Matale,Big Onion (Local),Maha,2017,291.9,294.3,synthetic_proxy
Matara,Big Onion (Local),Maha,2017,85.4,91.3,synthetic_proxy
Monaragala,Big Onion (Local),Maha,2017,59.5,52.6,synthetic_proxy
Mullaitivu,Big Onion (Local),Maha,2017,54.7,59.6,synthetic_proxy
Nuwara Eliya,Big Onion (Local),Maha,2017,142.1,156.1,synthetic_proxy
Polonnaruwa,Big Onion (Local),Maha,2017,53.8,70.6,synthetic_proxy
Puttalam,Big Onion (Local),Maha,2017,81.6,77.9,synthetic_proxy
Ratnapura,Big Onion (Local),Maha,2017,140.2,132.5,synthetic_proxy
Trincomalee,Big Onion (Local),Maha,2017,1.9,2.1,synthetic_proxy
Vavuniya,Big Onion (Local),Maha,2017,61.4,67.5,synthetic_proxy
Ampara,Big Onion (Local),Yala,2017,167.1,156.4,synthetic_proxy
Anuradhapura,Big Onion (Local),Yala,2017,135.9,129.3,synthetic_proxy
Badulla,Big Onion (Local),Yala,2017,304.2,323.9,synthetic_proxy
Batticaloa,Big Onion (Local),Yala,2017,82.4,74.3,synthetic_proxy
Colombo,Big Onion (Local),Yala,2017,542.6,515.9,synthetic_proxy
Galle,Big Onion (Local),Yala,2017,14.5,14.6,synthetic_proxy
Gampaha,Big Onion (Local),Yala,2017,189.4,212.0,synthetic_proxy
Hambantota,Big Onion (Local),Yala,2017,130.4,120.9,synthetic_proxy
Jaffna,Big Onion (Local),Yala,2017,33.4,26.0,synthetic_proxy
Kalutara,Big Onion (Local),Yala,2017,57.9,44.6,synthetic_proxy
Kandy,Big Onion (Local),Yala,2017,208.3,176.9,synthetic_proxy
Kegalle,Big Onion (Local),Yala,2017,30.1,25.3,synthetic_proxy
Kilinochchi,Big Onion (Local),Yala,2017,22.3,21.9,synthetic_proxy
Kurunegala,Big Onion (Local),Yala,2017,353.2,302.8,synthetic_proxy
Mannar,Big Onion (Local),Yala,2017,7.8,7.1,synthetic_proxy
Matale,Big Onion (Local),Yala,2017,338.7,307.2,synthetic_proxy
Matara,Big Onion (Local),Yala,2017,99.2,93.9,synthetic_proxy
Monaragala,Big Onion (Local),Yala,2017,69.1,80.0,synthetic_proxy
Mullaitivu,Big Onion (Local),Yala,2017,63.5,68.5,synthetic_proxy
Nuwara Eliya,Big Onion (Local),Yala,2017,164.9,165.2,synthetic_proxy
Polonnaruwa,Big Onion (Local),Yala,2017,62.4,58.9,synthetic_proxy
Puttalam,Big Onion (Local),Yala,2017,94.7,89.8,synthetic_proxy
Ratnapura,Big Onion (Local),Yala,2017,162.7,169.1,synthetic_proxy
Trincomalee,Big Onion (Local),Yala,2017,2.2,2.4,synthetic_proxy
Vavuniya,Big Onion (Local),Yala,2017,71.3,63.5,synthetic_proxy
Ampara,Big Onion (Local),Maha,2018,154.7,155.4,synthetic_proxy
Anuradhapura,Big Onion (Local),Maha,2018,125.8,95.2,synthetic_proxy
Badulla,Big Onion (Local),Maha,2018,281.6,288.7,synthetic_proxy
Batticaloa,Big Onion (Local),Maha,2018,76.3,83.3,synthetic_proxy
Colombo,Big Onion (Local),Maha,2018,502.3,485.4,synthetic_proxy
Galle,Big Onion (Local),Maha,2018,13.4,16.3,synthetic_proxy
Gampaha,Big Onion (Local),Maha,2018,175.3,156.8,synthetic_proxy
Hambantota,Big Onion (Local),Maha,2018,120.7,123.8,synthetic_proxy
Jaffna,Big Onion (Local),Maha,2018,30.9,30.8,synthetic_proxy
Kalutara,Big Onion (Local),Maha,2018,53.6,53.0,synthetic_proxy
Kandy,Big Onion (Local),Maha,2018,192.9,190.2,synthetic_proxy
Kegalle,Big Onion (Local),Maha,2018,27.8,28.2,synthetic_proxy
Kilinochchi,Big Onion (Local),Maha,2018,20.6,22.7,synthetic_proxy
Kurunegala,Big Onion (Local),Maha,2018,327.0,381.0,synthetic_proxy
Mannar,Big Onion (Local),Maha,2018,7.2,7.2,synthetic_proxy
Matale,Big Onion (Local),Maha,2018,313.6,344.2,synthetic_proxy
Matara,Big Onion (Local),Maha,2018,91.8,84.1,synthetic_proxy
Monaragala,Big Onion (Local),Maha,2018,63.9,69.8,synthetic_proxy
Mullaitivu,Big Onion (Local),Maha,2018,58.8,53.4,synthetic_proxy
Nuwara Eliya,Big Onion (Local),Maha,2018,152.7,172.6,synthetic_proxy
Polonnaruwa,Big Onion (Local),Maha,2018,57.8,73.1,synthetic_proxy
Puttalam,Big Onion (Local),Maha,2018,87.7,86.4,synthetic_proxy
Ratnapura,Big Onion (Local),Maha,2018,150.6,111.0,synthetic_proxy
Trincomalee,Big Onion (Local),Maha,2018,2.1,1.9,synthetic_proxy
Vavuniya,Big Onion (Local),Maha,2018,66.0,75.8,synthetic_proxy
Ampara,Big Onion (Local),Yala,2018,142.5,152.0,synthetic_proxy
Anuradhapura,Big Onion (Local),Yala,2018,115.9,119.4,synthetic_proxy
Badulla,Big Onion (Local),Yala,2018,259.4,290.8,synthetic_proxy
Batticaloa,Big Onion (Local),Yala,2018,70.3,74.4,synthetic_proxy
Colombo,Big Onion (Local),Yala,2018,462.7,530.4,synthetic_proxy
Galle,Big Onion (Local),Yala,2018,12.4,13.7,synthetic_proxy
Gampaha,Big Onion (Local),Yala,2018,161.5,191.0,synthetic_proxy
Hambantota,Big Onion (Local),Yala,2018,111.2,116.0,synthetic_proxy
Jaffna,Big Onion (Local),Yala,2018,28.5,31.6,synthetic_proxy
Kalutara,Big Onion (Local),Yala,2018,49.4,47.6,synthetic_proxy
Kandy,Big Onion (Local),Yala,2018,177.7,164.9,synthetic_proxy
Kegalle,Big Onion (Local),Yala,2018,25.7,30.9,synthetic_proxy
Kilinochchi,Big Onion (Local),Yala,2018,19.0,19.5,synthetic_proxy
Kurunegala,Big Onion (Local),Yala,2018,301.2,330.3,synthetic_proxy
Mannar,Big Onion (Local),Yala,2018,6.7,6.8,synthetic_proxy
Matale,Big Onion (Local),Yala,2018,288.9,268.5,synthetic_proxy
Matara,Big Onion (Local),Yala,2018,84.6,84.7,synthetic_proxy
Monaragala,Big Onion (Local),Yala,2018,58.9,69.1,synthetic_proxy
Mullaitivu,Big Onion (Local),Yala,2018,54.2,57.8,synthetic_proxy
Nuwara Eliya,Big Onion (Local),Yala,2018,140.6,111.7,synthetic_proxy
Polonnaruwa,Big Onion (Local),Yala,2018,53.2,51.8,synthetic_proxy
Puttalam,Big Onion (Local),Yala,2018,80.8,98.0,synthetic_proxy
Ratnapura,Big Onion (Local),Yala,2018,138.7,135.2,synthetic_proxy
Trincomalee,Big Onion (Local),Yala,2018,1.9,1.5,synthetic_proxy
Vavuniya,Big Onion (Local),Yala,2018,60.8,74.6,synthetic_proxy
Ampara,Big Onion (Local),Maha,2019,134.4,145.4,synthetic_proxy
Anuradhapura,Big Onion (Local),Maha,2019,109.3,108.4,synthetic_proxy
Badulla,Big Onion (Local),Maha,2019,244.6,233.7,synthetic_proxy
Batticaloa,Big Onion (Local),Maha,2019,66.3,74.9,synthetic_proxy
Colombo,Big Onion (Local),Maha,2019,436.4,408.0,synthetic_proxy
Galle,Big Onion (Local),Maha,2019,11.6,13.3,synthetic_proxy
Gampaha,Big Onion (Local),Maha,2019,152.3,162.2,synthetic_proxy
Hambantota,Big Onion (Local),Maha,2019,104.8,107.9,synthetic_proxy
Jaffna,Big Onion (Local),Maha,2019,26.9,27.3,synthetic_proxy
Kalutara,Big Onion (Local),Maha,2019,46.6,45.6,synthetic_proxy
Kandy,Big Onion (Local),Maha,2019,167.6,188.6,synthetic_proxy
Kegalle,Big Onion (Local),Maha,2019,24.2,21.7,synthetic_proxy
Kilinochchi,Big Onion (Local),Maha,2019,17.9,14.4,synthetic_proxy
Kurunegala,Big Onion (Local),Maha,2019,284.0,305.0,synthetic_proxy
Mannar,Big Onion (Local),Maha,2019,6.3,6.7,synthetic_proxy
Matale,Big Onion (Local),Maha,2019,272.4,288.1,synthetic_proxy
Matara,Big Onion (Local),Maha,2019,79.7,83.6,synthetic_proxy
Monaragala,Big Onion (Local),Maha,2019,55.6,53.4,synthetic_proxy
Mullaitivu,Big Onion (Local),Maha,2019,51.1,55.9,synthetic_proxy
Nuwara Eliya,Big Onion (Local),Maha,2019,132.6,131.9,synthetic_proxy
Polonnaruwa,Big Onion (Local),Maha,2019,50.2,47.2,synthetic_proxy
Puttalam,Big Onion (Local),Maha,2019,76.2,73.3,synthetic_proxy
Ratnapura,Big Onion (Local),Maha,2019,130.8,162.5,synthetic_proxy
Trincomalee,Big Onion (Local),Maha,2019,1.8,1.4,synthetic_proxy
Vavuniya,Big Onion (Local),Maha,2019,57.3,60.8,synthetic_proxy
Ampara,Big Onion (Local),Yala,2019,189.8,151.5,synthetic_proxy
Anuradhapura,Big Onion (Local),Yala,2019,154.3,152.3,synthetic_proxy
Badulla,Big Onion (Local),Yala,2019,345.3,327.4,synthetic_proxy
Batticaloa,Big Onion (Local),Yala,2019,93.6,70.2,synthetic_proxy
Colombo,Big Onion (Local),Yala,2019,616.1,644.8,synthetic_proxy
Galle,Big Onion (Local),Yala,2019,16.4,15.7,synthetic_proxy
Gampaha,Big Onion (Local),Yala,2019,215.1,160.9,synthetic_proxy
Hambantota,Big Onion (Local),Yala,2019,148.0,162.9,synthetic_proxy
Jaffna,Big Onion (Local),Yala,2019,38.0,44.5,synthetic_proxy
Kalutara,Big Onion (Local),Yala,2019,65.8,77.5,synthetic_proxy
Kandy,Big Onion (Local),Yala,2019,236.6,246.7,synthetic_proxy
Kegalle,Big Onion (Local),Yala,2019,34.2,34.3,synthetic_proxy
Kilinochchi,Big Onion (Local),Yala,2019,25.3,29.3,synthetic_proxy
Kurunegala,Big Onion (Local),Yala,2019,401.0,482.0,synthetic_proxy
Mannar,Big Onion (Local),Yala,2019,8.9,10.1,synthetic_proxy
Matale,Big Onion (Local),Yala,2019,384.6,341.1,synthetic_proxy
Matara,Big Onion (Local),Yala,2019,112.6,115.3,synthetic_proxy
Monaragala,Big Onion (Local),Yala,2019,78.4,82.6,synthetic_proxy
Mullaitivu,Big Onion (Local),Yala,2019,72.1,56.4,synthetic_proxy
Nuwara Eliya,Big Onion (Local),Yala,2019,187.2,197.8,synthetic_proxy
Polonnaruwa,Big Onion (Local),Yala,2019,70.8,90.2,synthetic_proxy
Puttalam,Big Onion (Local),Yala,2019,107.5,115.8,synthetic_proxy
Ratnapura,Big Onion (Local),Yala,2019,184.7,217.3,synthetic_proxy
Trincomalee,Big Onion (Local),Yala,2019,2.5,2.6,synthetic_proxy
Vavuniya,Big Onion (Local),Yala,2019,81.0,80.2,synthetic_proxy
Ampara,Big Onion (Local),Maha,2020,177.8,185.9,synthetic_proxy
Anuradhapura,Big Onion (Local),Maha,2020,144.6,130.5,synthetic_proxy
Badulla,Big Onion (Local),Maha,2020,323.6,286.2,synthetic_proxy
Batticaloa,Big Onion (Local),Maha,2020,87.7,101.0,synthetic_proxy
Colombo,Big Onion (Local),Maha,2020,577.2,672.3,synthetic_proxy
Galle,Big Onion (Local),Maha,2020,15.4,13.6,synthetic_proxy
Gampaha,Big Onion (Local),Maha,2020,201.5,224.9,synthetic_proxy
Hambantota,Big Onion (Local),Maha,2020,138.7,137.2,synthetic_proxy
Jaffna,Big Onion (Local),Maha,2020,35.6,37.0,synthetic_proxy
Kalutara,Big Onion (Local),Maha,2020,61.6,65.0,synthetic_proxy
Kandy,Big Onion (Local),Maha,2020,221.7,248.1,synthetic_proxy
Kegalle,Big Onion (Local),Maha,2020,32.0,32.3,synthetic_proxy
Kilinochchi,Big Onion (Local),Maha,2020,23.7,27.7,synthetic_proxy
Kurunegala,Big Onion (Local),Maha,2020,375.7,389.7,synthetic_proxy
Mannar,Big Onion (Local),Maha,2020,8.3,8.9,synthetic_proxy
Matale,Big Onion (Local),Maha,2020,360.3,324.3,synthetic_proxy
Matara,Big Onion (Local),Maha,2020,105.5,132.8,synthetic_proxy
Monaragala,Big Onion (Local),Maha,2020,73.5,77.6,synthetic_proxy
Mullaitivu,Big Onion (Local),Maha,2020,67.6,73.3,synthetic_proxy
Nuwara Eliya,Big Onion (Local),Maha,2020,175.4,141.6,synthetic_proxy
Polonnaruwa,Big Onion (Local),Maha,2020,66.4,59.8,synthetic_proxy
Puttalam,Big Onion (Local),Maha,2020,100.8,115.7,synthetic_proxy
Ratnapura,Big Onion (Local),Maha,2020,173.1,179.0,synthetic_proxy
Trincomalee,Big Onion (Local),Maha,2020,2.4,1.8,synthetic_proxy
Vavuniya,Big Onion (Local),Maha,2020,75.9,85.3,synthetic_proxy
Ampara,Big Onion (Local),Yala,2020,232.7,217.5,synthetic_proxy
Anuradhapura,Big Onion (Local),Yala,2020,189.2,221.3,synthetic_proxy
Badulla,Big Onion (Local),Yala,2020,423.5,419.0,synthetic_proxy
Batticaloa,Big Onion (Local),Yala,2020,114.8,117.6,synthetic_proxy
Colombo,Big Onion (Local),Yala,2020,755.4,862.3,synthetic_proxy
Galle,Big Onion (Local),Yala,2020,20.2,18.0,synthetic_proxy
Gampaha,Big Onion (Local),Yala,2020,263.7,232.3,synthetic_proxy
Hambantota,Big Onion (Local),Yala,2020,181.5,177.2,synthetic_proxy
Jaffna,Big Onion (Local),Yala,2020,46.5,51.2,synthetic_proxy
Kalutara,Big Onion (Local),Yala,2020,80.7,67.8,synthetic_proxy
Kandy,Big Onion (Local),Yala,2020,290.1,232.0,synthetic_proxy
Kegalle,Big Onion (Local),Yala,2020,41.9,46.0,synthetic_proxy
Kilinochchi,Big Onion (Local),Yala,2020,31.0,28.8,synthetic_proxy
Kurunegala,Big Onion (Local),Yala,2020,491.7,468.6,synthetic_proxy
Mannar,Big Onion (Local),Yala,2020,10.9,8.4,synthetic_proxy
Matale,Big Onion (Local),Yala,2020,471.5,433.1,synthetic_proxy
Matara,Big Onion (Local),Yala,2020,138.1,137.9,synthetic_proxy
Monaragala,Big Onion (Local),Yala,2020,96.2,106.9,synthetic_proxy
Mullaitivu,Big Onion (Local),Yala,2020,88.4,80.2,synthetic_proxy
Nuwara Eliya,Big Onion (Local),Yala,2020,229.6,275.2,synthetic_proxy
Polonnaruwa,Big Onion (Local),Yala,2020,86.9,79.7,synthetic_proxy
Puttalam,Big Onion (Local),Yala,2020,131.8,121.0,synthetic_proxy
Ratnapura,Big Onion (Local),Yala,2020,226.5,268.2,synthetic_proxy
Trincomalee,Big Onion (Local),Yala,2020,3.1,3.2,synthetic_proxy
Vavuniya,Big Onion (Local),Yala,2020,99.3,92.7,synthetic_proxy
Ampara,Big Onion (Local),Maha,2021,161.3,158.3,synthetic_proxy
Anuradhapura,Big Onion (Local),Maha,2021,131.2,152.5,synthetic_proxy
Badulla,Big Onion (Local),Maha,2021,293.5,345.2,synthetic_proxy
Batticaloa,Big Onion (Local),Maha,2021,79.6,71.8,synthetic_proxy
Colombo,Big Onion (Local),Maha,2021,523.6,520.9,synthetic_proxy
Galle,Big Onion (Local),Maha,2021,14.0,14.1,synthetic_proxy
Gampaha,Big Onion (Local),Maha,2021,182.8,161.1,synthetic_proxy
Hambantota,Big Onion (Local),Maha,2021,125.8,125.0,synthetic_proxy
Jaffna,Big Onion (Local),Maha,2021,32.3,32.3,synthetic_proxy
Kalutara,Big Onion (Local),Maha,2021,55.9,63.6,synthetic_proxy
Kandy,Big Onion (Local),Maha,2021,201.1,230.2,synthetic_proxy
Kegalle,Big Onion (Local),Maha,2021,29.0,27.9,synthetic_proxy
Kilinochchi,Big Onion (Local),Maha,2021,21.5,21.0,synthetic_proxy
Kurunegala,Big Onion (Local),Maha,2021,340.8,368.0,synthetic_proxy
Mannar,Big Onion (Local),Maha,2021,7.5,7.0,synthetic_proxy
Matale,Big Onion (Local),Maha,2021,326.9,349.9,synthetic_proxy
Matara,Big Onion (Local),Maha,2021,95.7,94.7,synthetic_proxy
Monaragala,Big Onion (Local),Maha,2021,66.7,58.9,synthetic_proxy
Mullaitivu,Big Onion (Local),Maha,2021,61.3,54.2,synthetic_proxy
Nuwara Eliya,Big Onion (Local),Maha,2021,159.1,186.8,synthetic_proxy
Polonnaruwa,Big Onion (Local),Maha,2021,60.2,59.1,synthetic_proxy
Puttalam,Big Onion (Local),Maha,2021,91.4,109.4,synthetic_proxy
Ratnapura,Big Onion (Local),Maha,2021,157.0,147.3,synthetic_proxy
Trincomalee,Big Onion (Local),Maha,2021,2.2,2.2,synthetic_proxy
Vavuniya,Big Onion (Local),Maha,2021,68.8,88.6,synthetic_proxy
Ampara,Big Onion (Local),Yala,2021,211.0,184.2,synthetic_proxy
Anuradhapura,Big Onion (Local),Yala,2021,171.6,132.5,synthetic_proxy
Badulla,Big Onion (Local),Yala,2021,384.0,443.3,synthetic_proxy
Batticaloa,Big Onion (Local),Yala,2021,104.1,93.8,synthetic_proxy
Colombo,Big Onion (Local),Yala,2021,685.0,683.3,synthetic_proxy
Galle,Big Onion (Local),Yala,2021,18.3,17.0,synthetic_proxy
Gampaha,Big Onion (Local),Yala,2021,239.1,246.8,synthetic_proxy
Hambantota,Big Onion (Local),Yala,2021,164.6,145.8,synthetic_proxy
Jaffna,Big Onion (Local),Yala,2021,42.2,41.3,synthetic_proxy
Kalutara,Big Onion (Local),Yala,2021,73.1,77.1,synthetic_proxy
Kandy,Big Onion (Local),Yala,2021,263.0,231.2,synthetic_proxy
Kegalle,Big Onion (Local),Yala,2021,38.0,34.8,synthetic_proxy
Kilinochchi,Big Onion (Local),Yala,2021,28.1,27.0,synthetic_proxy
Kurunegala,Big Onion (Local),Yala,2021,445.9,369.5,synthetic_proxy
Mannar,Big Onion (Local),Yala,2021,9.8,9.3,synthetic_proxy
Matale,Big Onion (Local),Yala,2021,427.6,433.7,synthetic_proxy
Matara,Big Onion (Local),Yala,2021,125.2,119.2,synthetic_proxy
Monaragala,Big Onion (Local),Yala,2021,87.2,84.4,synthetic_proxy
Mullaitivu,Big Onion (Local),Yala,2021,80.2,80.0,synthetic_proxy
Nuwara Eliya,Big Onion (Local),Yala,2021,208.2,191.8,synthetic_proxy
Polonnaruwa,Big Onion (Local),Yala,2021,78.8,85.3,synthetic_proxy
Puttalam,Big Onion (Local),Yala,2021,119.6,140.2,synthetic_proxy
Ratnapura,Big Onion (Local),Yala,2021,205.4,193.9,synthetic_proxy
Trincomalee,Big Onion (Local),Yala,2021,2.8,3.0,synthetic_proxy
Vavuniya,Big Onion (Local),Yala,2021,90.0,87.4,synthetic_proxy
Ampara,Big Onion (Local),Maha,2022,168.8,176.2,synthetic_proxy
Anuradhapura,Big Onion (Local),Maha,2022,137.3,163.1,synthetic_proxy
Badulla,Big Onion (Local),Maha,2022,307.2,326.0,synthetic_proxy
Batticaloa,Big Onion (Local),Maha,2022,83.3,65.6,synthetic_proxy
Colombo,Big Onion (Local),Maha,2022,548.0,577.9,synthetic_proxy
Galle,Big Onion (Local),Maha,2022,14.6,16.8,synthetic_proxy
Gampaha,Big Onion (Local),Maha,2022,191.3,186.2,synthetic_proxy
Hambantota,Big Onion (Local),Maha,2022,131.7,147.4,synthetic_proxy
Jaffna,Big Onion (Local),Maha,2022,33.8,31.0,synthetic_proxy
Kalutara,Big Onion (Local),Maha,2022,58.5,48.1,synthetic_proxy
Kandy,Big Onion (Local),Maha,2022,210.4,214.0,synthetic_proxy
Kegalle,Big Onion (Local),Maha,2022,30.4,24.0,synthetic_proxy
Kilinochchi,Big Onion (Local),Maha,2022,22.5,21.9,synthetic_proxy
Kurunegala,Big Onion (Local),Maha,2022,356.7,411.8,synthetic_proxy
Mannar,Big Onion (Local),Maha,2022,7.9,6.1,synthetic_proxy
Matale,Big Onion (Local),Maha,2022,342.1,289.6,synthetic_proxy
Matara,Big Onion (Local),Maha,2022,100.2,87.8,synthetic_proxy
Monaragala,Big Onion (Local),Maha,2022,69.8,69.2,synthetic_proxy
Mullaitivu,Big Onion (Local),Maha,2022,64.1,61.3,synthetic_proxy
Nuwara Eliya,Big Onion (Local),Maha,2022,166.6,194.5,synthetic_proxy
Polonnaruwa,Big Onion (Local),Maha,2022,63.0,70.2,synthetic_proxy
Puttalam,Big Onion (Local),Maha,2022,95.7,101.3,synthetic_proxy
Ratnapura,Big Onion (Local),Maha,2022,164.3,167.2,synthetic_proxy
Trincomalee,Big Onion (Local),Maha,2022,2.3,2.4,synthetic_proxy
Vavuniya,Big Onion (Local),Maha,2022,72.0,64.6,synthetic_proxy
Ampara,Big Onion (Local),Yala,2022,242.1,267.0,synthetic_proxy
Anuradhapura,Big Onion (Local),Yala,2022,196.9,170.6,synthetic_proxy
Badulla,Big Onion (Local),Yala,2022,440.6,484.8,synthetic_proxy
Batticaloa,Big Onion (Local),Yala,2022,119.4,136.4,synthetic_proxy
Colombo,Big Onion (Local),Yala,2022,786.0,805.9,synthetic_proxy
Galle,Big Onion (Local),Yala,2022,21.0,20.5,synthetic_proxy
Gampaha,Big Onion (Local),Yala,2022,274.4,287.5,synthetic_proxy
Hambantota,Big Onion (Local),Yala,2022,188.8,124.0,synthetic_proxy
Jaffna,Big Onion (Local),Yala,2022,48.4,50.2,synthetic_proxy
Kalutara,Big Onion (Local),Yala,2022,83.9,82.8,synthetic_proxy
Kandy,Big Onion (Local),Yala,2022,301.8,300.0,synthetic_proxy
Kegalle,Big Onion (Local),Yala,2022,43.6,47.3,synthetic_proxy
Kilinochchi,Big Onion (Local),Yala,2022,32.3,32.0,synthetic_proxy
Kurunegala,Big Onion (Local),Yala,2022,511.6,441.6,synthetic_proxy
Mannar,Big Onion (Local),Yala,2022,11.3,11.1,synthetic_proxy
Matale,Big Onion (Local),Yala,2022,490.6,494.6,synthetic_proxy
Matara,Big Onion (Local),Yala,2022,143.6,145.6,synthetic_proxy
Monaragala,Big Onion (Local),Yala,2022,100.1,102.0,synthetic_proxy
Mullaitivu,Big Onion (Local),Yala,2022,92.0,103.5,synthetic_proxy
Nuwara Eliya,Big Onion (Local),Yala,2022,238.9,207.7,synthetic_proxy
Polonnaruwa,Big Onion (Local),Yala,2022,90.4,92.3,synthetic_proxy
Puttalam,Big Onion (Local),Yala,2022,137.2,158.4,synthetic_proxy
Ratnapura,Big Onion (Local),Yala,2022,235.6,186.6,synthetic_proxy
Trincomalee,Big Onion (Local),Yala,2022,3.2,3.3,synthetic_proxy
Vavuniya,Big Onion (Local),Yala,2022,103.3,96.0,synthetic_proxy
Ampara,Big Onion (Local),Maha,2023,186.2,177.9,synthetic_proxy
Anuradhapura,Big Onion (Local),Maha,2023,151.5,135.0,synthetic_proxy
Badulla,Big Onion (Local),Maha,2023,338.9,332.0,synthetic_proxy
Batticaloa,Big Onion (Local),Maha,2023,91.9,112.2,synthetic_proxy
Colombo,Big Onion (Local),Maha,2023,604.6,512.8,synthetic_proxy
Galle,Big Onion (Local),Maha,2023,16.1,13.9,synthetic_proxy
Gampaha,Big Onion (Local),Maha,2023,211.0,178.1,synthetic_proxy
Hambantota,Big Onion (Local),Maha,2023,145.2,175.4,synthetic_proxy
Jaffna,Big Onion (Local),Maha,2023,37.2,35.2,synthetic_proxy
Kalutara,Big Onion (Local),Maha,2023,64.6,64.4,synthetic_proxy
Kandy,Big Onion (Local),Maha,2023,232.1,220.9,synthetic_proxy
Kegalle,Big Onion (Local),Maha,2023,33.5,29.7,synthetic_proxy
Kilinochchi,Big Onion (Local),Maha,2023,24.8,24.1,synthetic_proxy
Kurunegala,Big Onion (Local),Maha,2023,393.5,509.6,synthetic_proxy
Mannar,Big Onion (Local),Maha,2023,8.7,10.1,synthetic_proxy
Matale,Big Onion (Local),Maha,2023,377.4,338.8,synthetic_proxy
Matara,Big Onion (Local),Maha,2023,110.5,119.1,synthetic_proxy
Monaragala,Big Onion (Local),Maha,2023,77.0,69.3,synthetic_proxy
Mullaitivu,Big Onion (Local),Maha,2023,70.8,55.7,synthetic_proxy
Nuwara Eliya,Big Onion (Local),Maha,2023,183.7,206.2,synthetic_proxy
Polonnaruwa,Big Onion (Local),Maha,2023,69.5,79.2,synthetic_proxy
Puttalam,Big Onion (Local),Maha,2023,105.5,118.8,synthetic_proxy
Ratnapura,Big Onion (Local),Maha,2023,181.2,171.0,synthetic_proxy
Trincomalee,Big Onion (Local),Maha,2023,2.5,2.4,synthetic_proxy
Vavuniya,Big Onion (Local),Maha,2023,79.5,86.6,synthetic_proxy
Ampara,Big Onion (Local),Yala,2023,263.4,275.7,synthetic_proxy
Anuradhapura,Big Onion (Local),Yala,2023,214.2,204.1,synthetic_proxy
Badulla,Big Onion (Local),Yala,2023,479.3,386.2,synthetic_proxy
Batticaloa,Big Onion (Local),Yala,2023,129.9,131.7,synthetic_proxy
Colombo,Big Onion (Local),Yala,2023,855.0,965.7,synthetic_proxy
Galle,Big Onion (Local),Yala,2023,22.8,19.5,synthetic_proxy
Gampaha,Big Onion (Local),Yala,2023,298.5,321.3,synthetic_proxy
Hambantota,Big Onion (Local),Yala,2023,205.4,213.6,synthetic_proxy
Jaffna,Big Onion (Local),Yala,2023,52.7,57.4,synthetic_proxy
Kalutara,Big Onion (Local),Yala,2023,91.3,100.9,synthetic_proxy
Kandy,Big Onion (Local),Yala,2023,328.3,301.0,synthetic_proxy
Kegalle,Big Onion (Local),Yala,2023,47.4,38.2,synthetic_proxy
Kilinochchi,Big Onion (Local),Yala,2023,35.1,32.9,synthetic_proxy
Kurunegala,Big Onion (Local),Yala,2023,556.6,615.9,synthetic_proxy
Mannar,Big Onion (Local),Yala,2023,12.3,11.5,synthetic_proxy
Matale,Big Onion (Local),Yala,2023,533.7,489.3,synthetic_proxy
Matara,Big Onion (Local),Yala,2023,156.3,122.1,synthetic_proxy
Monaragala,Big Onion (Local),Yala,2023,108.9,131.7,synthetic_proxy
Mullaitivu,Big Onion (Local),Yala,2023,100.1,110.0,synthetic_proxy
Nuwara Eliya,Big Onion (Local),Yala,2023,259.8,283.9,synthetic_proxy
Polonnaruwa,Big Onion (Local),Yala,2023,98.3,109.7,synthetic_proxy
Puttalam,Big Onion (Local),Yala,2023,149.2,159.6,synthetic_proxy
Ratnapura,Big Onion (Local),Yala,2023,256.3,248.8,synthetic_proxy
Trincomalee,Big Onion (Local),Yala,2023,3.5,3.4,synthetic_proxy
Vavuniya,Big Onion (Local),Yala,2023,112.4,106.6,synthetic_proxy
Ampara,Big Onion (Local),Maha,2024,203.9,268.4,synthetic_proxy
Anuradhapura,Big Onion (Local),Maha,2024,165.9,176.9,synthetic_proxy
Badulla,Big Onion (Local),Maha,2024,371.2,350.5,synthetic_proxy
Batticaloa,Big Onion (Local),Maha,2024,100.6,106.2,synthetic_proxy
Colombo,Big Onion (Local),Maha,2024,662.1,581.8,synthetic_proxy
Galle,Big Onion (Local),Maha,2024,17.7,20.9,synthetic_proxy
Gampaha,Big Onion (Local),Maha,2024,231.1,212.8,synthetic_proxy
Hambantota,Big Onion (Local),Maha,2024,159.1,168.6,synthetic_proxy
Jaffna,Big Onion (Local),Maha,2024,40.8,46.0,synthetic_proxy
Kalutara,Big Onion (Local),Maha,2024,70.7,74.0,synthetic_proxy
Kandy,Big Onion (Local),Maha,2024,254.3,257.1,synthetic_proxy
Kegalle,Big Onion (Local),Maha,2024,36.7,36.8,synthetic_proxy
Kilinochchi,Big Onion (Local),Maha,2024,27.2,27.0,synthetic_proxy
Kurunegala,Big Onion (Local),Maha,2024,431.0,401.2,synthetic_proxy
Mannar,Big Onion (Local),Maha,2024,9.5,9.0,synthetic_proxy
Matale,Big Onion (Local),Maha,2024,413.3,486.7,synthetic_proxy
Matara,Big Onion (Local),Maha,2024,121.0,119.4,synthetic_proxy
Monaragala,Big Onion (Local),Maha,2024,84.3,76.3,synthetic_proxy
Mullaitivu,Big Onion (Local),Maha,2024,77.5,72.7,synthetic_proxy
Nuwara Eliya,Big Onion (Local),Maha,2024,201.2,227.8,synthetic_proxy
Polonnaruwa,Big Onion (Local),Maha,2024,76.1,82.3,synthetic_proxy
Puttalam,Big Onion (Local),Maha,2024,115.6,123.3,synthetic_proxy
Ratnapura,Big Onion (Local),Maha,2024,198.5,192.4,synthetic_proxy
Trincomalee,Big Onion (Local),Maha,2024,2.7,2.9,synthetic_proxy
Vavuniya,Big Onion (Local),Maha,2024,87.0,80.3,synthetic_proxy
Ampara,Big Onion (Local),Yala,2024,300.2,290.9,synthetic_proxy
Anuradhapura,Big Onion (Local),Yala,2024,244.2,272.6,synthetic_proxy
Badulla,Big Onion (Local),Yala,2024,546.4,603.8,synthetic_proxy
Batticaloa,Big Onion (Local),Yala,2024,148.1,130.7,synthetic_proxy
Colombo,Big Onion (Local),Yala,2024,974.8,874.7,synthetic_proxy
Galle,Big Onion (Local),Yala,2024,26.0,26.4,synthetic_proxy
Gampaha,Big Onion (Local),Yala,2024,340.3,410.7,synthetic_proxy
Hambantota,Big Onion (Local),Yala,2024,234.2,180.4,synthetic_proxy
Jaffna,Big Onion (Local),Yala,2024,60.0,62.1,synthetic_proxy
Kalutara,Big Onion (Local),Yala,2024,104.1,86.9,synthetic_proxy
Kandy,Big Onion (Local),Yala,2024,374.3,345.8,synthetic_proxy
Kegalle,Big Onion (Local),Yala,2024,54.0,51.7,synthetic_proxy
Kilinochchi,Big Onion (Local),Yala,2024,40.0,38.0,synthetic_proxy
Kurunegala,Big Onion (Local),Yala,2024,634.5,593.9,synthetic_proxy
Mannar,Big Onion (Local),Yala,2024,14.0,14.0,synthetic_proxy
Matale,Big Onion (Local),Yala,2024,608.5,569.4,synthetic_proxy
Matara,Big Onion (Local),Yala,2024,178.1,146.9,synthetic_proxy
Monaragala,Big Onion (Local),Yala,2024,124.1,135.7,synthetic_proxy
Mullaitivu,Big Onion (Local),Yala,2024,114.1,124.4,synthetic_proxy
Nuwara Eliya,Big Onion (Local),Yala,2024,296.2,326.2,synthetic_proxy
Polonnaruwa,Big Onion (Local),Yala,2024,112.1,91.4,synthetic_proxy
Puttalam,Big Onion (Local),Yala,2024,170.1,176.2,synthetic_proxy
Ratnapura,Big Onion (Local),Yala,2024,292.2,315.9,synthetic_proxy
Trincomalee,Big Onion (Local),Yala,2024,4.0,3.5,synthetic_proxy
Vavuniya,Big Onion (Local),Yala,2024,128.1,128.2,synthetic_proxy
Ampara,Big Onion (Local),Maha,2025,279.2,275.3,synthetic_proxy
Anuradhapura,Big Onion (Local),Maha,2025,227.0,277.2,synthetic_proxy
Badulla,Big Onion (Local),Maha,2025,508.1,625.4,synthetic_proxy
Batticaloa,Big Onion (Local),Maha,2025,137.7,110.2,synthetic_proxy
Colombo,Big Onion (Local),Maha,2025,906.3,1177.6,synthetic_proxy
Galle,Big Onion (Local),Maha,2025,24.2,21.5,synthetic_proxy
Gampaha,Big Onion (Local),Maha,2025,316.4,353.6,synthetic_proxy
Hambantota,Big Onion (Local),Maha,2025,217.7,243.1,synthetic_proxy
Jaffna,Big Onion (Local),Maha,2025,55.8,49.2,synthetic_proxy
Kalutara,Big Onion (Local),Maha,2025,96.8,102.5,synthetic_proxy
Kandy,Big Onion (Local),Maha,2025,348.0,343.5,synthetic_proxy
Kegalle,Big Onion (Local),Maha,2025,50.2,53.6,synthetic_proxy
Kilinochchi,Big Onion (Local),Maha,2025,37.2,38.3,synthetic_proxy
Kurunegala,Big Onion (Local),Maha,2025,590.0,674.6,synthetic_proxy
Mannar,Big Onion (Local),Maha,2025,13.0,13.1,synthetic_proxy
Matale,Big Onion (Local),Maha,2025,565.8,554.4,synthetic_proxy
Matara,Big Onion (Local),Maha,2025,165.6,187.4,synthetic_proxy
Monaragala,Big Onion (Local),Maha,2025,115.4,123.4,synthetic_proxy
Mullaitivu,Big Onion (Local),Maha,2025,106.1,115.4,synthetic_proxy
Nuwara Eliya,Big Onion (Local),Maha,2025,275.4,253.5,synthetic_proxy
Polonnaruwa,Big Onion (Local),Maha,2025,104.2,91.1,synthetic_proxy
Puttalam,Big Onion (Local),Maha,2025,158.2,147.4,synthetic_proxy
Ratnapura,Big Onion (Local),Maha,2025,271.7,251.5,synthetic_proxy
Trincomalee,Big Onion (Local),Maha,2025,3.7,4.1,synthetic_proxy
Vavuniya,Big Onion (Local),Maha,2025,119.1,133.1,synthetic_proxy
Ampara,Big Onion (Local),Yala,2025,213.2,209.3,synthetic_proxy
Anuradhapura,Big Onion (Local),Yala,2025,173.4,203.2,synthetic_proxy
Badulla,Big Onion (Local),Yala,2025,388.1,451.8,synthetic_proxy
Batticaloa,Big Onion (Local),Yala,2025,105.2,108.3,synthetic_proxy
Colombo,Big Onion (Local),Yala,2025,692.3,624.0,synthetic_proxy
Galle,Big Onion (Local),Yala,2025,18.5,22.0,synthetic_proxy
Gampaha,Big Onion (Local),Yala,2025,241.7,239.9,synthetic_proxy
Hambantota,Big Onion (Local),Yala,2025,166.3,168.8,synthetic_proxy
Jaffna,Big Onion (Local),Yala,2025,42.6,40.9,synthetic_proxy
Kalutara,Big Onion (Local),Yala,2025,73.9,66.0,synthetic_proxy
Kandy,Big Onion (Local),Yala,2025,265.8,219.0,synthetic_proxy
Kegalle,Big Onion (Local),Yala,2025,38.4,41.3,synthetic_proxy
Kilinochchi,Big Onion (Local),Yala,2025,28.4,25.8,synthetic_proxy
Kurunegala,Big Onion (Local),Yala,2025,450.6,616.1,synthetic_proxy
Mannar,Big Onion (Local),Yala,2025,10.0,8.7,synthetic_proxy
Matale,Big Onion (Local),Yala,2025,432.1,366.9,synthetic_proxy
Matara,Big Onion (Local),Yala,2025,126.5,134.3,synthetic_proxy
Monaragala,Big Onion (Local),Yala,2025,88.1,104.3,synthetic_proxy
Mullaitivu,Big Onion (Local),Yala,2025,81.0,81.7,synthetic_proxy
Nuwara Eliya,Big Onion (Local),Yala,2025,210.4,224.8,synthetic_proxy
Polonnaruwa,Big Onion (Local),Yala,2025,79.6,62.0,synthetic_proxy
Puttalam,Big Onion (Local),Yala,2025,120.8,111.0,synthetic_proxy
Ratnapura,Big Onion (Local),Yala,2025,207.5,180.8,synthetic_proxy
Trincomalee,Big Onion (Local),Yala,2025,2.8,2.2,synthetic_proxy
Vavuniya,Big Onion (Local),Yala,2025,91.0,92.3,synthetic_proxy
